instance_name;pricing_method;disabled_redundant_cut;disabled_cut_position;pricing_time;total_instance_time;qt_piece_types;qt_cmvars_pre_pricing;qt_plates_pre_pricing;qt_cmvars_pre_purge;qt_plates_pre_purge;qt_cmvars_pos_purge;qt_plates_pos_purge;finished;datafile
../instances/CHL6;furini;false;false;706.6344637560001;712.219954047;30;776048;13170;41172;13170;7276;3032;true;./experiments_outputs/2020-05-30T23:26:05/jl_00pydd
../instances/okp2;none;true;true;NaN;1.847493215;30;289795;9506;289795;9506;289795;9506;true;./experiments_outputs/2020-05-29T21:37:37/jl_1qaS2R
../instances/A2s;none;false;false;NaN;0.228047311;20;47287;2276;47287;2276;47287;2276;true;./experiments_outputs/2020-05-29T21:37:37/jl_21G1Sq
../instances/okp4;none;true;true;NaN;1.782489377;33;287740;9049;287740;9049;287740;9049;true;./experiments_outputs/2020-05-29T21:37:37/jl_264QMf
../instances/gcut12;none;true;false;NaN;378.226216796;50;38308429;489428;38308429;489428;38308429;489428;true;./experiments_outputs/2020-05-29T21:37:37/jl_2MbtUA
../instances/gcut6;none;true;false;NaN;6.95075725;20;1044390;73814;1044390;73814;1044390;73814;true;./experiments_outputs/2020-05-29T21:37:37/jl_2MrkrA
../instances/CW2;furini;false;false;93.10853208200001;98.201111226;35;697017;14664;275789;14664;245291;13440;true;./experiments_outputs/2020-05-30T23:26:05/jl_2PHxpT
../instances/gcut6;none;true;true;NaN;10.0983387;20;1717090;74797;1717090;74797;1717090;74797;true;./experiments_outputs/2020-05-29T21:37:37/jl_2kPkHC
../instances/gcut4;furini;false;false;328.118284828;338.84643385;50;2010322;35176;219258;35176;57587;10386;true;./experiments_outputs/2020-05-30T23:26:05/jl_2nFuLC
../instances/Hchl2;furini;false;false;981.72259312;986.829422356;35;765481;12594;185033;12594;167238;11346;true;./experiments_outputs/2020-05-30T23:26:05/jl_2qjE9q
../instances/2s;furini;false;false;5.531279132000001;5.784104051;10;48855;2017;8065;2017;1196;427;true;./experiments_outputs/2020-05-30T23:26:05/jl_30LdQ7
../instances/STS4;none;true;false;NaN;2.251456626;20;337183;7224;337183;7224;337183;7224;true;./experiments_outputs/2020-05-29T21:37:37/jl_32dk51
../instances/OF1;none;true;false;NaN;0.186114794;10;34812;2098;34812;2098;34812;2098;true;./experiments_outputs/2020-05-29T21:37:37/jl_3BIyX3
../instances/gcut9;none;false;false;NaN;2.233695033;10;310704;36152;310704;36152;310704;36152;true;./experiments_outputs/2020-05-29T21:37:37/jl_3WfHOP
../instances/cgcut1;furini;false;false;0.417377504;0.447438849;7;737;140;271;140;205;99;true;./experiments_outputs/2020-05-30T23:26:05/jl_3gB1GW
../instances/gcut8;furini;false;false;NaN;NaN;-1;9762668;136524;-1;-1;-1;-1;false;./experiments_outputs/2020-05-30T23:26:05/jl_3h575M
../instances/A1s;none;false;false;NaN;0.192795614;20;38730;2040;38730;2040;38730;2040;true;./experiments_outputs/2020-05-29T21:37:37/jl_3mbZa9
../instances/cgcut3;none;true;true;NaN;0.175662161;20;38465;1860;38465;1860;38465;1860;true;./experiments_outputs/2020-05-29T21:37:37/jl_3v6FKQ
../instances/okp1;none;true;true;NaN;1.673704532;15;255482;7947;255482;7947;255482;7947;true;./experiments_outputs/2020-05-29T21:37:37/jl_41WBIj
../instances/Hchl6s;none;true;false;NaN;28.972238142;22;4273430;44593;4273430;44593;4273430;44593;true;./experiments_outputs/2020-05-29T21:37:37/jl_41pdLt
../instances/gcut5;furini;false;false;7.422953162000001;8.608888855;10;171502;24470;131646;24470;76083;14490;true;./experiments_outputs/2020-05-30T23:26:05/jl_42hnBz
../instances/okp4;none;false;false;NaN;1.881752967;33;271535;9049;271535;9049;271535;9049;true;./experiments_outputs/2020-05-29T21:37:37/jl_4H1lBQ
../instances/A3;none;true;false;NaN;0.601344683;20;118989;3752;118989;3752;118989;3752;true;./experiments_outputs/2020-05-29T21:37:37/jl_5OSoqZ
../instances/A2;none;false;true;NaN;0.301913572;20;58158;2276;58158;2276;58158;2276;true;./experiments_outputs/2020-05-29T21:37:37/jl_5P1DHQ
../instances/STS2s;furini;false;false;11.972279939;12.517301981;30;105735;3383;9623;3383;2399;1059;true;./experiments_outputs/2020-05-30T23:26:05/jl_5VCj7k
../instances/A1s;none;true;true;NaN;0.205510533;20;45313;2040;45313;2040;45313;2040;true;./experiments_outputs/2020-05-29T21:37:37/jl_5hRSMR
../instances/gcut11;furini;false;false;NaN;NaN;-1;18863246;400070;-1;-1;-1;-1;false;./experiments_outputs/2020-05-30T23:26:05/jl_5z1hko
../instances/CHL7;none;false;true;NaN;5.494844841;35;823287;12594;823287;12594;823287;12594;true;./experiments_outputs/2020-05-29T21:37:37/jl_5z3vqX
../instances/A5;none;false;true;NaN;3.094444978;20;490992;10402;490992;10402;490992;10402;true;./experiments_outputs/2020-05-29T21:37:37/jl_606ga2
../instances/OF1;furini;false;false;3.4895066370000003;3.684716521;10;34383;2098;5064;2098;1260;549;true;./experiments_outputs/2020-05-30T23:26:05/jl_6Bp6Yd
../instances/gcut3;none;false;false;NaN;7.010785827;30;1107065;32681;1107065;32681;1107065;32681;true;./experiments_outputs/2020-05-29T21:37:37/jl_6E0kmO
../instances/A4;none;true;false;NaN;0.861025811;20;166120;4860;166120;4860;166120;4860;true;./experiments_outputs/2020-05-29T21:37:37/jl_6GV3tk
../instances/CHL1;none;false;false;NaN;3.307497013;30;519161;10402;519161;10402;519161;10402;true;./experiments_outputs/2020-05-29T21:37:37/jl_6GkEQC
../instances/A1s;none;true;false;NaN;0.18762741;20;39662;2040;39662;2040;39662;2040;true;./experiments_outputs/2020-05-29T21:37:37/jl_6N67t8
../instances/cgcut2;none;true;false;NaN;0.230559738;10;49730;2017;49730;2017;49730;2017;true;./experiments_outputs/2020-05-29T21:37:37/jl_6kp5wt
../instances/CW3;none;false;false;NaN;16.800546312;40;2329788;33224;2329788;33224;2329788;33224;true;./experiments_outputs/2020-05-29T21:37:37/jl_6oGA6R
../instances/Hchl4s;none;false;true;NaN;3.248394062;10;521524;9670;521524;9670;521524;9670;true;./experiments_outputs/2020-05-29T21:37:37/jl_6ppxJr
../instances/CHL5;none;false;false;NaN;0.040348723;10;2498;345;2498;345;2498;345;true;./experiments_outputs/2020-05-29T21:37:37/jl_770zkL
../instances/Hchl3s;none;false;true;NaN;3.493296607;10;521950;9670;521950;9670;521950;9670;true;./experiments_outputs/2020-05-29T21:37:37/jl_7XqLrL
../instances/A2;none;true;true;NaN;0.283742553;20;61027;2276;61027;2276;61027;2276;true;./experiments_outputs/2020-05-29T21:37:37/jl_7fLp93
../instances/A5;none;true;true;NaN;3.239437658;20;494435;10402;494435;10402;494435;10402;true;./experiments_outputs/2020-05-29T21:37:37/jl_7xa7eE
../instances/CU1;none;true;false;NaN;1.726846743;25;273832;7700;273832;7700;273832;7700;true;./experiments_outputs/2020-05-29T21:37:37/jl_7y6frE
../instances/HH;none;true;true;NaN;0.737063996;5;141162;5486;141162;5486;141162;5486;true;./experiments_outputs/2020-05-29T21:37:37/jl_83LIt1
../instances/cgcut1;none;false;true;NaN;0.009099751;7;789;140;789;140;789;140;true;./experiments_outputs/2020-05-29T21:37:37/jl_86WiQs
../instances/CHL5;furini;false;false;0.657492217;0.7000224;10;2498;345;1065;345;696;237;true;./experiments_outputs/2020-05-30T23:26:05/jl_8Xm8UB
../instances/CU1;none;false;true;NaN;2.014206156;25;319884;7700;319884;7700;319884;7700;true;./experiments_outputs/2020-05-29T21:37:37/jl_8bOww3
../instances/HH;furini;false;false;10.374508821000001;11.593585838;5;135620;5486;97424;5486;94217;5395;true;./experiments_outputs/2020-05-30T23:26:05/jl_93HXmu
../instances/A4;none;true;true;NaN;1.12170216;20;179739;4860;179739;4860;179739;4860;true;./experiments_outputs/2020-05-29T21:37:37/jl_97WJvi
../instances/2s;none;true;true;NaN;0.25646222;10;52580;2017;52580;2017;52580;2017;true;./experiments_outputs/2020-05-29T21:37:37/jl_9MgiYf
../instances/CHL1;none;true;true;NaN;3.392863264;30;548989;10402;548989;10402;548989;10402;true;./experiments_outputs/2020-05-29T21:37:37/jl_ADKJvp
../instances/STS4s;none;true;true;NaN;2.382129117;20;352570;7224;352570;7224;352570;7224;true;./experiments_outputs/2020-05-29T21:37:37/jl_AW0Czq
../instances/3s;none;false;true;NaN;0.177025798;20;37514;1860;37514;1860;37514;1860;true;./experiments_outputs/2020-05-29T21:37:37/jl_AcHAc1
../instances/gcut10;none;true;true;NaN;15.422687678;20;2625423;138062;2625423;138062;2625423;138062;true;./experiments_outputs/2020-05-29T21:37:37/jl_AcduKZ
../instances/CU2;furini;false;false;81.172545188;85.829725435;35;716679;16068;33458;16068;429;306;true;./experiments_outputs/2020-05-30T23:26:05/jl_Aeu6SE
../instances/A3;none;true;true;NaN;0.697264478;20;134144;3752;134144;3752;134144;3752;true;./experiments_outputs/2020-05-29T21:37:37/jl_Ak4dK0
../instances/gcut2;none;true;false;NaN;4.267312583;20;712952;28793;712952;28793;712952;28793;true;./experiments_outputs/2020-05-29T21:37:37/jl_AkP628
../instances/gcut4;none;false;true;NaN;14.964645635;50;2630471;35176;2630471;35176;2630471;35176;true;./experiments_outputs/2020-05-29T21:37:37/jl_B1r1za
../instances/CHL5;none;true;false;NaN;0.041208809;10;2500;345;2500;345;2500;345;true;./experiments_outputs/2020-05-29T21:37:37/jl_BCirof
../instances/CHL2;none;false;false;NaN;0.256325772;10;48113;2348;48113;2348;48113;2348;true;./experiments_outputs/2020-05-29T21:37:37/jl_BDLkA3
../instances/3;none;false;true;NaN;0.178472185;20;37514;1860;37514;1860;37514;1860;true;./experiments_outputs/2020-05-29T21:37:37/jl_BteXvT
../instances/CHL7;none;true;true;NaN;5.755185324;35;831849;12594;831849;12594;831849;12594;true;./experiments_outputs/2020-05-29T21:37:37/jl_C5VPct
../instances/gcut2;none;true;true;NaN;6.67629846;20;1105120;28793;1105120;28793;1105120;28793;true;./experiments_outputs/2020-05-29T21:37:37/jl_CFSk3o
../instances/cgcut2;none;true;true;NaN;0.249216539;10;52580;2017;52580;2017;52580;2017;true;./experiments_outputs/2020-05-29T21:37:37/jl_CRIEHo
../instances/Hchl3s;none;true;false;NaN;3.021962207;10;510560;9670;510560;9670;510560;9670;true;./experiments_outputs/2020-05-29T21:37:37/jl_CvjoYc
../instances/A4;furini;false;false;31.987486925000002;32.91774241;20;165154;4860;44944;4860;39705;4298;true;./experiments_outputs/2020-05-30T23:26:05/jl_DFPjmT
../instances/CW1;none;false;false;NaN;2.250149615;25;338989;8407;338989;8407;338989;8407;true;./experiments_outputs/2020-05-29T21:37:37/jl_Dlgawv
../instances/wang20;furini;false;false;1.9185929050000001;2.112466916;20;32247;1860;3209;1860;129;109;true;./experiments_outputs/2020-05-30T23:26:05/jl_DvuWMi
../instances/gcut12;furini;false;false;NaN;NaN;-1;30392392;489428;-1;-1;-1;-1;false;./experiments_outputs/2020-05-30T23:26:05/jl_Ea6DoA
../instances/Hchl9;none;true;false;NaN;0.646424635;35;119543;3666;119543;3666;119543;3666;true;./experiments_outputs/2020-05-29T21:37:37/jl_ElRkBj
../instances/W;none;false;true;NaN;0.179603669;20;37275;1860;37275;1860;37275;1860;true;./experiments_outputs/2020-05-29T21:37:37/jl_F7nYoH
../instances/gcut1;furini;false;false;0.453889413;0.503788108;10;2864;515;1662;515;503;202;true;./experiments_outputs/2020-05-30T23:26:05/jl_F84M0C
../instances/2s;none;true;false;NaN;0.24756294;10;49730;2017;49730;2017;49730;2017;true;./experiments_outputs/2020-05-29T21:37:37/jl_FHLZvk
../instances/Hchl4s;none;true;false;NaN;3.251456302;10;510183;9670;510183;9670;510183;9670;true;./experiments_outputs/2020-05-29T21:37:37/jl_FI8gjL
../instances/gcut3;none;true;true;NaN;11.064069079;30;1969360;32681;1969360;32681;1969360;32681;true;./experiments_outputs/2020-05-29T21:37:37/jl_FMzMF7
../instances/3s;none;false;false;NaN;0.164297561;20;32395;1860;32395;1860;32395;1860;true;./experiments_outputs/2020-05-29T21:37:37/jl_Ffi8qS
../instances/CU1;none;true;true;NaN;1.997034055;25;335390;7700;335390;7700;335390;7700;true;./experiments_outputs/2020-05-29T21:37:37/jl_FfsENx
../instances/okp3;none;false;false;NaN;1.525258709;30;223702;8356;223702;8356;223702;8356;true;./experiments_outputs/2020-05-29T21:37:37/jl_Fkixk3
../instances/CHL2;furini;false;false;3.257252936;3.54175079;10;48113;2348;16774;2348;14475;2073;true;./experiments_outputs/2020-05-30T23:26:05/jl_GB6Yqf
../instances/CW3;furini;false;false;487.56249362600005;504.509691838;40;2329788;33224;467328;33224;218748;17203;true;./experiments_outputs/2020-05-30T23:26:05/jl_GKmP5E
../instances/A1;furini;false;false;2.247166977;2.442312464;20;38730;2040;4700;2040;462;252;true;./experiments_outputs/2020-05-30T23:26:05/jl_Gj0U2a
../instances/CHL6;none;false;true;NaN;5.585017664;30;812493;13170;812493;13170;812493;13170;true;./experiments_outputs/2020-05-29T21:37:37/jl_GjQD57
../instances/gcut7;none;true;false;NaN;19.52016178;30;2875229;100545;2875229;100545;2875229;100545;true;./experiments_outputs/2020-05-29T21:37:37/jl_GnUkcg
../instances/A1;none;true;true;NaN;0.202462523;20;45313;2040;45313;2040;45313;2040;true;./experiments_outputs/2020-05-29T21:37:37/jl_GoaaZ1
../instances/OF1;none;true;true;NaN;0.195264996;10;38598;2098;38598;2098;38598;2098;true;./experiments_outputs/2020-05-29T21:37:37/jl_Gx0PQq
../instances/okp5;none;true;true;NaN;2.321186234;29;368500;9506;368500;9506;368500;9506;true;./experiments_outputs/2020-05-29T21:37:37/jl_H8L4Y4
../instances/cgcut1;none;true;true;NaN;0.009208841;7;794;140;794;140;794;140;true;./experiments_outputs/2020-05-29T21:37:37/jl_HCCnNX
../instances/Hchl7s;none;true;true;NaN;40.937689786;40;5722577;46491;5722577;46491;5722577;46491;true;./experiments_outputs/2020-05-29T21:37:37/jl_HL7wv7
../instances/okp3;furini;false;false;NaN;NaN;-1;223702;8356;-1;-1;-1;-1;false;./experiments_outputs/2020-05-30T23:26:05/jl_HOl8HL
../instances/CHL2s;none;false;true;NaN;0.31666976;10;56303;2348;56303;2348;56303;2348;true;./experiments_outputs/2020-05-29T21:37:37/jl_HpCuz2
../instances/Hchl8s;none;true;false;NaN;0.09424814;10;13150;896;13150;896;13150;896;true;./experiments_outputs/2020-05-29T21:37:37/jl_INWRVx
../instances/wang20;none;true;false;NaN;0.251331528;20;33331;1860;33331;1860;33331;1860;true;./experiments_outputs/2020-05-29T21:37:37/jl_IRIT7r
../instances/W;none;false;false;NaN;0.161795983;20;32247;1860;32247;1860;32247;1860;true;./experiments_outputs/2020-05-29T21:37:37/jl_IRoHxt
../instances/CW2;none;true;true;NaN;5.519599256;35;884254;14664;884254;14664;884254;14664;true;./experiments_outputs/2020-05-29T21:37:37/jl_IdrGuG
../instances/cgcut3;none;false;false;NaN;0.16273202;20;32395;1860;32395;1860;32395;1860;true;./experiments_outputs/2020-05-29T21:37:37/jl_Ih6w8a
../instances/CHL2s;none;false;false;NaN;0.260777857;10;48113;2348;48113;2348;48113;2348;true;./experiments_outputs/2020-05-29T21:37:37/jl_JAhlFD
../instances/okp1;none;false;true;NaN;1.7154103;15;255322;7947;255322;7947;255322;7947;true;./experiments_outputs/2020-05-29T21:37:37/jl_JEpsRB
../instances/A4;none;false;false;NaN;0.993771613;20;165154;4860;165154;4860;165154;4860;true;./experiments_outputs/2020-05-29T21:37:37/jl_JSAL02
../instances/CHL7;none;true;false;NaN;5.382792465;35;780287;12594;780287;12594;780287;12594;true;./experiments_outputs/2020-05-29T21:37:37/jl_KARsoA
../instances/OF1;none;false;false;NaN;0.189284413;10;34383;2098;34383;2098;34383;2098;true;./experiments_outputs/2020-05-29T21:37:37/jl_KMrECw
../instances/W;none;true;false;NaN;0.157456378;20;33331;1860;33331;1860;33331;1860;true;./experiments_outputs/2020-05-29T21:37:37/jl_KoqW1g
../instances/Hchl3s;furini;false;false;192.293376262;195.896610562;10;506117;9670;212186;9670;199722;9231;true;./experiments_outputs/2020-05-30T23:26:05/jl_KrrQzv
../instances/gcut10;none;false;true;NaN;15.846199141;20;2387311;138062;2387311;138062;2387311;138062;true;./experiments_outputs/2020-05-29T21:37:37/jl_Kvwn94
../instances/CHL5;none;true;true;NaN;0.045043191;10;2848;345;2848;345;2848;345;true;./experiments_outputs/2020-05-29T21:37:37/jl_KzQj09
../instances/gcut1;none;true;false;NaN;0.019103971;10;2897;515;2897;515;2897;515;true;./experiments_outputs/2020-05-29T21:37:37/jl_L5otk8
../instances/2;furini;false;false;5.133485245;5.388401827;10;48855;2017;5754;2017;264;149;true;./experiments_outputs/2020-05-30T23:26:05/jl_LLuqXu
../instances/gcut1;none;false;false;NaN;0.018336094;10;2864;515;2864;515;2864;515;true;./experiments_outputs/2020-05-29T21:37:37/jl_LRKcFA
../instances/okp4;none;true;false;NaN;1.800367595;33;271671;9049;271671;9049;271671;9049;true;./experiments_outputs/2020-05-29T21:37:37/jl_LYa3dY
../instances/STS2s;none;true;false;NaN;0.557468445;30;106707;3383;106707;3383;106707;3383;true;./experiments_outputs/2020-05-29T21:37:37/jl_Lv73j0
../instances/OF2;furini;false;false;1.871323646;2.040939434;10;31632;2110;9124;2110;3155;772;true;./experiments_outputs/2020-05-30T23:26:05/jl_M57k49
../instances/CHL2;none;true;false;NaN;0.251720299;10;49247;2348;49247;2348;49247;2348;true;./experiments_outputs/2020-05-29T21:37:37/jl_MOHiMC
../instances/2;none;true;false;NaN;0.231330325;10;49730;2017;49730;2017;49730;2017;true;./experiments_outputs/2020-05-29T21:37:37/jl_MYbNTg
../instances/gcut9;none;true;true;NaN;2.925976096;10;474350;38936;474350;38936;474350;38936;true;./experiments_outputs/2020-05-29T21:37:37/jl_MtX8cB
../instances/Hchl8s;none;false;false;NaN;0.094981934;10;13149;896;13149;896;13149;896;true;./experiments_outputs/2020-05-29T21:37:37/jl_MyXfVE
../instances/OF2;none;true;true;NaN;0.174313469;10;37251;2110;37251;2110;37251;2110;true;./experiments_outputs/2020-05-29T21:37:37/jl_N4QF8r
../instances/okp1;none;false;false;NaN;1.731831951;15;250956;7947;250956;7947;250956;7947;true;./experiments_outputs/2020-05-29T21:37:37/jl_NN45hI
../instances/CW1;none;true;true;NaN;2.48593062;25;409979;8407;409979;8407;409979;8407;true;./experiments_outputs/2020-05-29T21:37:37/jl_NU8Mya
../instances/2;none;false;true;NaN;0.262785397;10;51585;2017;51585;2017;51585;2017;true;./experiments_outputs/2020-05-29T21:37:37/jl_NcpTnW
../instances/CW2;none;false;true;NaN;5.250717987;35;832471;14664;832471;14664;832471;14664;true;./experiments_outputs/2020-05-29T21:37:37/jl_NtiGmc
../instances/A3;furini;false;false;9.609409795000001;10.226065653;20;115152;3752;23715;3752;13709;2500;true;./experiments_outputs/2020-05-30T23:26:05/jl_OHmF1i
../instances/gcut7;furini;false;false;1533.767930922;1548.89130105;30;2464583;100545;431101;100545;65927;15221;true;./experiments_outputs/2020-05-30T23:26:05/jl_OKgXx2
../instances/2s;none;false;true;NaN;0.264785106;10;51585;2017;51585;2017;51585;2017;true;./experiments_outputs/2020-05-29T21:37:37/jl_OVixtb
../instances/CHL1s;none;false;true;NaN;3.536615047;30;546548;10402;546548;10402;546548;10402;true;./experiments_outputs/2020-05-29T21:37:37/jl_OhjOwM
../instances/Hchl2;none;false;true;NaN;5.261986708;35;819964;12594;819964;12594;819964;12594;true;./experiments_outputs/2020-05-29T21:37:37/jl_Ok8SUC
../instances/okp5;none;false;false;NaN;2.386137857;29;358577;9506;358577;9506;358577;9506;true;./experiments_outputs/2020-05-29T21:37:37/jl_P7WbRJ
../instances/CHL7;none;false;false;NaN;4.792687773;35;772618;12594;772618;12594;772618;12594;true;./experiments_outputs/2020-05-29T21:37:37/jl_PMnW8T
../instances/CHL1;furini;false;false;429.72279214300005;433.777516205;30;519161;10402;306332;10402;300813;10099;true;./experiments_outputs/2020-05-30T23:26:05/jl_Px56RR
../instances/CU2;none;true;false;NaN;5.037134682;35;750644;16068;750644;16068;750644;16068;true;./experiments_outputs/2020-05-29T21:37:37/jl_QcKR0N
../instances/STS2s;none;false;true;NaN;0.638387962;30;116893;3383;116893;3383;116893;3383;true;./experiments_outputs/2020-05-29T21:37:37/jl_QhxAsC
../instances/A2s;none;false;true;NaN;0.292743447;20;58158;2276;58158;2276;58158;2276;true;./experiments_outputs/2020-05-29T21:37:37/jl_QvHfwJ
../instances/wang20;none;false;true;NaN;0.305032329;20;37275;1860;37275;1860;37275;1860;true;./experiments_outputs/2020-05-29T21:37:37/jl_QzF6Vm
../instances/CW3;none;true;true;NaN;18.745586723;40;2837822;33224;2837822;33224;2837822;33224;true;./experiments_outputs/2020-05-29T21:37:37/jl_R2WAnt
../instances/CHL5;none;false;true;NaN;0.043996216;10;2846;345;2846;345;2846;345;true;./experiments_outputs/2020-05-29T21:37:37/jl_RCclRz
../instances/CHL2s;none;true;true;NaN;0.274858511;10;57557;2348;57557;2348;57557;2348;true;./experiments_outputs/2020-05-29T21:37:37/jl_RVXDuL
../instances/CHL1;none;true;false;NaN;3.3077525;30;521599;10402;521599;10402;521599;10402;true;./experiments_outputs/2020-05-29T21:37:37/jl_RXR3iK
../instances/A1s;none;false;true;NaN;0.206071923;20;44305;2040;44305;2040;44305;2040;true;./experiments_outputs/2020-05-29T21:37:37/jl_RYm9QR
../instances/HH;none;true;false;NaN;0.7514037;5;137007;5486;137007;5486;137007;5486;true;./experiments_outputs/2020-05-29T21:37:37/jl_SL1ZSL
../instances/cgcut2;none;false;true;NaN;0.260044947;10;51585;2017;51585;2017;51585;2017;true;./experiments_outputs/2020-05-29T21:37:37/jl_Sv97pP
../instances/Hchl2;none;true;true;NaN;5.292856841;35;828526;12594;828526;12594;828526;12594;true;./experiments_outputs/2020-05-29T21:37:37/jl_SxaiCa
../instances/okp3;none;true;true;NaN;1.635366251;30;261044;8356;261044;8356;261044;8356;true;./experiments_outputs/2020-05-29T21:37:37/jl_T6seiw
../instances/HH;none;false;true;NaN;0.803095647;5;139772;5486;139772;5486;139772;5486;true;./experiments_outputs/2020-05-29T21:37:37/jl_T97yr0
../instances/OF2;none;false;false;NaN;0.173082877;10;31632;2110;31632;2110;31632;2110;true;./experiments_outputs/2020-05-29T21:37:37/jl_TC0ZBZ
../instances/gcut9;none;false;true;NaN;2.930177301;10;437963;38936;437963;38936;437963;38936;true;./experiments_outputs/2020-05-29T21:37:37/jl_TnUxY7
../instances/gcut5;none;false;true;NaN;1.438066266;10;236251;25336;236251;25336;236251;25336;true;./experiments_outputs/2020-05-29T21:37:37/jl_TrnSW7
../instances/2;none;false;false;NaN;0.243557474;10;48855;2017;48855;2017;48855;2017;true;./experiments_outputs/2020-05-29T21:37:37/jl_UIFyaO
../instances/CW1;none;false;true;NaN;2.435122849;25;392155;8407;392155;8407;392155;8407;true;./experiments_outputs/2020-05-29T21:37:37/jl_UIPebJ
../instances/gcut5;none;true;true;NaN;1.407201264;10;250317;25336;250317;25336;250317;25336;true;./experiments_outputs/2020-05-29T21:37:37/jl_UaikUs
../instances/A2;furini;false;false;3.55899329;3.83919338;20;47287;2276;22313;2276;19486;2086;true;./experiments_outputs/2020-05-30T23:26:05/jl_UdmJQH
../instances/A1;none;true;false;NaN;0.184765728;20;39662;2040;39662;2040;39662;2040;true;./experiments_outputs/2020-05-29T21:37:37/jl_UgSGZj
../instances/Hchl2;none;true;false;NaN;4.867060334;35;773150;12594;773150;12594;773150;12594;true;./experiments_outputs/2020-05-29T21:37:37/jl_UoTuPV
../instances/STS2;none;true;true;NaN;0.583445206;30;118006;3383;118006;3383;118006;3383;true;./experiments_outputs/2020-05-29T21:37:37/jl_V6EYy7
../instances/OF2;none;true;false;NaN;0.156759053;10;32336;2110;32336;2110;32336;2110;true;./experiments_outputs/2020-05-29T21:37:37/jl_VAd439
../instances/A5;furini;false;false;194.33172857800002;197.571530999;20;469398;10402;95924;10402;73022;7776;true;./experiments_outputs/2020-05-30T23:26:05/jl_VFSK82
../instances/Hchl8s;none;false;true;NaN;0.103937249;10;13986;896;13986;896;13986;896;true;./experiments_outputs/2020-05-29T21:37:37/jl_VVcDF6
../instances/okp1;furini;false;false;64.087246928;65.669220467;15;250956;7947;95773;7947;28040;2228;true;./experiments_outputs/2020-05-30T23:26:05/jl_VicliB
../instances/gcut6;none;false;false;NaN;7.097138802;20;998392;73814;998392;73814;998392;73814;true;./experiments_outputs/2020-05-29T21:37:37/jl_W6J8sJ
../instances/CU1;furini;false;false;30.762713092000002;32.186437794;25;261418;7700;14336;7700;510;378;true;./experiments_outputs/2020-05-30T23:26:05/jl_WAn5MT
../instances/Hchl8s;furini;false;false;343.83538006400005;343.936025544;10;13149;896;13149;896;13149;896;true;./experiments_outputs/2020-05-30T23:26:05/jl_WRWh6W
../instances/CHL2;none;true;true;NaN;0.285303847;10;57557;2348;57557;2348;57557;2348;true;./experiments_outputs/2020-05-29T21:37:37/jl_WRyzoM
../instances/cgcut3;furini;false;false;2.4698688890000002;2.671109408;20;32395;1860;11296;1860;8425;1393;true;./experiments_outputs/2020-05-30T23:26:05/jl_WUMVud
../instances/A1;none;false;true;NaN;0.214376692;20;44305;2040;44305;2040;44305;2040;true;./experiments_outputs/2020-05-29T21:37:37/jl_WbmmzR
../instances/CHL1s;none;false;false;NaN;3.393636779;30;519161;10402;519161;10402;519161;10402;true;./experiments_outputs/2020-05-29T21:37:37/jl_XnXWlY
../instances/3;none;true;true;NaN;0.176165391;20;38465;1860;38465;1860;38465;1860;true;./experiments_outputs/2020-05-29T21:37:37/jl_YQHOO0
../instances/Hchl6s;none;false;false;NaN;31.504715129;22;4202385;44593;4202385;44593;4202385;44593;true;./experiments_outputs/2020-05-29T21:37:37/jl_YnGlAA
../instances/A4;none;false;true;NaN;1.146034087;20;178749;4860;178749;4860;178749;4860;true;./experiments_outputs/2020-05-29T21:37:37/jl_Z72y3D
../instances/CU2;none;true;true;NaN;6.373039114;35;951854;16068;951854;16068;951854;16068;true;./experiments_outputs/2020-05-29T21:37:37/jl_ZDHxJI
../instances/STS2;none;true;false;NaN;0.570307048;30;106707;3383;106707;3383;106707;3383;true;./experiments_outputs/2020-05-29T21:37:37/jl_ZLyWWq
../instances/Hchl3s;none;false;false;NaN;3.144069782;10;506117;9670;506117;9670;506117;9670;true;./experiments_outputs/2020-05-29T21:37:37/jl_ZOkfkC
../instances/gcut7;none;true;true;NaN;29.325166431;30;4908292;100800;4908292;100800;4908292;100800;true;./experiments_outputs/2020-05-29T21:37:37/jl_ZUn10g
../instances/CU2;none;false;false;NaN;4.468114656;35;716679;16068;716679;16068;716679;16068;true;./experiments_outputs/2020-05-29T21:37:37/jl_ZWO2QR
../instances/STS4s;none;false;false;NaN;2.242674687;20;332980;7224;332980;7224;332980;7224;true;./experiments_outputs/2020-05-29T21:37:37/jl_ZhcfC4
../instances/STS4;none;true;true;NaN;2.171841299;20;352570;7224;352570;7224;352570;7224;true;./experiments_outputs/2020-05-29T21:37:37/jl_aCUU6c
../instances/gcut9;furini;false;false;13.707210722000001;15.9179744;10;310704;36152;143419;36152;11485;2991;true;./experiments_outputs/2020-05-30T23:26:05/jl_aEhIaM
../instances/Hchl9;none;false;true;NaN;0.7289383;35;129518;3666;129518;3666;129518;3666;true;./experiments_outputs/2020-05-29T21:37:37/jl_aGnrhA
../instances/Hchl4s;none;true;true;NaN;3.347512669;10;525892;9670;525892;9670;525892;9670;true;./experiments_outputs/2020-05-29T21:37:37/jl_aM57mR
../instances/gcut11;none;true;false;NaN;201.696187982;30;22279538;400070;22279538;400070;22279538;400070;true;./experiments_outputs/2020-05-29T21:37:37/jl_aQn6ZR
../instances/gcut10;none;true;false;NaN;0.128412393;20;21168;2537;21168;2537;21168;2537;true;./experiments_outputs/2020-05-29T21:37:37/jl_avweeP
../instances/okp5;none;false;true;NaN;2.358624803;29;368496;9506;368496;9506;368496;9506;true;./experiments_outputs/2020-05-29T21:37:37/jl_bJ4bi7
../instances/gcut11;none;true;true;NaN;300.926646491;30;32997932;400070;32997932;400070;32997932;400070;true;./experiments_outputs/2020-05-29T21:37:37/jl_bKwBM8
../instances/gcut4;none;true;true;NaN;16.872306719;50;2963171;35176;2963171;35176;2963171;35176;true;./experiments_outputs/2020-05-29T21:37:37/jl_bLrQGn
../instances/3;none;true;false;NaN;0.158436287;20;33331;1860;33331;1860;33331;1860;true;./experiments_outputs/2020-05-29T21:37:37/jl_bNvZ0M
../instances/gcut9;none;true;false;NaN;2.30491393;10;317141;36152;317141;36152;317141;36152;true;./experiments_outputs/2020-05-29T21:37:37/jl_bT1MfN
../instances/3s;none;true;false;NaN;0.164015937;20;33331;1860;33331;1860;33331;1860;true;./experiments_outputs/2020-05-29T21:37:37/jl_brKG3d
../instances/A1;none;false;false;NaN;0.188990048;20;38730;2040;38730;2040;38730;2040;true;./experiments_outputs/2020-05-29T21:37:37/jl_bsSksY
../instances/Hchl7s;none;false;false;NaN;39.343716235;40;5348838;46491;5348838;46491;5348838;46491;true;./experiments_outputs/2020-05-29T21:37:37/jl_c6ZaRa
../instances/A5;none;false;false;NaN;3.206557524;20;469398;10402;469398;10402;469398;10402;true;./experiments_outputs/2020-05-29T21:37:37/jl_cGFMcP
../instances/CW2;none;false;false;NaN;4.736694051;35;697017;14664;697017;14664;697017;14664;true;./experiments_outputs/2020-05-29T21:37:37/jl_cQIZx4
../instances/Hchl3s;none;true;true;NaN;3.263795299;10;526393;9670;526393;9670;526393;9670;true;./experiments_outputs/2020-05-29T21:37:37/jl_cWLUZc
../instances/STS4s;furini;false;false;95.03871686900001;97.093348273;20;332980;7224;15584;7224;1685;974;true;./experiments_outputs/2020-05-30T23:26:05/jl_cXsTbt
../instances/A2s;none;true;false;NaN;0.22761392;20;49755;2276;49755;2276;49755;2276;true;./experiments_outputs/2020-05-29T21:37:37/jl_cdBCR3
../instances/cgcut2;furini;false;false;4.453601127000001;4.679674812;10;48855;2017;5754;2017;264;149;true;./experiments_outputs/2020-05-30T23:26:05/jl_cjvyZX
../instances/cgcut1;none;true;false;NaN;0.008998045;7;742;140;742;140;742;140;true;./experiments_outputs/2020-05-29T21:37:37/jl_cnKSwv
../instances/CHL6;none;true;false;NaN;5.300271145;30;781121;13170;781121;13170;781121;13170;true;./experiments_outputs/2020-05-29T21:37:37/jl_cz1EOM
../instances/gcut6;none;false;true;NaN;9.737821343;20;1523968;74797;1523968;74797;1523968;74797;true;./experiments_outputs/2020-05-29T21:37:37/jl_d7X2ca
../instances/gcut11;none;false;true;NaN;250.752480674;30;28503072;400070;28503072;400070;28503072;400070;true;./experiments_outputs/2020-05-29T21:37:37/jl_dEsd3N
../instances/CHL2s;none;true;false;NaN;0.250973626;10;49247;2348;49247;2348;49247;2348;true;./experiments_outputs/2020-05-29T21:37:37/jl_dKEtyG
../instances/STS2s;none;true;true;NaN;0.594788205;30;118006;3383;118006;3383;118006;3383;true;./experiments_outputs/2020-05-29T21:37:37/jl_dj9DMx
../instances/gcut10;furini;false;false;2.052718321;2.21319788;20;19521;2537;11875;2537;8242;1722;true;./experiments_outputs/2020-05-30T23:26:05/jl_dk4FJw
../instances/CU1;none;false;false;NaN;1.836171079;25;261418;7700;261418;7700;261418;7700;true;./experiments_outputs/2020-05-29T21:37:37/jl_dyGN4k
../instances/CW1;none;true;false;NaN;2.192629998;25;353959;8407;353959;8407;353959;8407;true;./experiments_outputs/2020-05-29T21:37:37/jl_epJlrw
../instances/gcut3;furini;false;false;386.895399289;392.593034151;30;1107065;32681;157348;32681;14883;4221;true;./experiments_outputs/2020-05-30T23:26:05/jl_eq82DN
../instances/CHL6;none;false;false;NaN;5.067167215;30;776048;13170;776048;13170;776048;13170;true;./experiments_outputs/2020-05-29T21:37:37/jl_fInVYH
../instances/Hchl8s;none;true;true;NaN;0.096623801;10;13987;896;13987;896;13987;896;true;./experiments_outputs/2020-05-29T21:37:37/jl_fNPGix
../instances/gcut12;none;false;true;NaN;626.725201551;50;52573780;489428;52573780;489428;52573780;489428;true;./experiments_outputs/2020-05-29T21:37:37/jl_fNnfJz
../instances/CHL1s;furini;false;false;411.195668759;414.654362714;30;519161;10402;113977;10402;86064;7733;true;./experiments_outputs/2020-05-30T23:26:05/jl_fWnPyl
../instances/okp2;none;true;false;NaN;1.707404593;30;262106;9506;262106;9506;262106;9506;true;./experiments_outputs/2020-05-29T21:37:37/jl_fuNISx
../instances/okp2;none;false;true;NaN;1.852867246;30;289791;9506;289791;9506;289791;9506;true;./experiments_outputs/2020-05-29T21:37:37/jl_g2xF15
../instances/STS2;furini;false;false;19.763954495;20.351035641;30;105735;3383;24789;3383;17713;2572;true;./experiments_outputs/2020-05-30T23:26:05/jl_gv1Loq
../instances/CHL2;none;false;true;NaN;0.315666852;10;56303;2348;56303;2348;56303;2348;true;./experiments_outputs/2020-05-29T21:37:37/jl_h0M9Cn
../instances/wang20;none;false;false;NaN;0.25425193;20;32247;1860;32247;1860;32247;1860;true;./experiments_outputs/2020-05-29T21:37:37/jl_h54mRn
../instances/gcut1;none;true;true;NaN;0.248823626;10;39886;4429;39886;4429;39886;4429;true;./experiments_outputs/2020-05-29T21:37:37/jl_h6lMQ0
../instances/okp2;furini;false;false;NaN;NaN;-1;262102;9506;-1;-1;-1;-1;false;./experiments_outputs/2020-05-30T23:26:05/jl_hFHDf7
../instances/gcut2;none;false;false;NaN;3.915386752;20;630744;28793;630744;28793;630744;28793;true;./experiments_outputs/2020-05-29T21:37:37/jl_hUFRtB
../instances/STS4;none;false;false;NaN;2.144329044;20;332980;7224;332980;7224;332980;7224;true;./experiments_outputs/2020-05-29T21:37:37/jl_hV1Rkm
../instances/OF1;none;false;true;NaN;0.202928694;10;38158;2098;38158;2098;38158;2098;true;./experiments_outputs/2020-05-29T21:37:37/jl_hVIcWz
../instances/gcut4;none;false;false;NaN;12.406225022;50;2010322;35176;2010322;35176;2010322;35176;true;./experiments_outputs/2020-05-29T21:37:37/jl_hZVqwm
../instances/STS4;none;false;true;NaN;2.174500703;20;348367;7224;348367;7224;348367;7224;true;./experiments_outputs/2020-05-29T21:37:37/jl_hcWxRT
../instances/A5;none;true;false;NaN;2.841030582;20;472838;10402;472838;10402;472838;10402;true;./experiments_outputs/2020-05-29T21:37:37/jl_himDvI
../instances/gcut12;none;false;false;NaN;299.545866558;50;30392392;489428;30392392;489428;30392392;489428;true;./experiments_outputs/2020-05-29T21:37:37/jl_hpwzja
../instances/A3;none;false;true;NaN;0.722166184;20;129854;3752;129854;3752;129854;3752;true;./experiments_outputs/2020-05-29T21:37:37/jl_hvUJYj
../instances/W;none;true;true;NaN;0.177851805;20;38465;1860;38465;1860;38465;1860;true;./experiments_outputs/2020-05-29T21:37:37/jl_hvkylu
../instances/CW3;none;true;false;NaN;18.260898029;40;2496278;33224;2496278;33224;2496278;33224;true;./experiments_outputs/2020-05-29T21:37:37/jl_hw0vZM
../instances/gcut8;none;false;false;NaN;77.348794382;50;9762668;136524;9762668;136524;9762668;136524;true;./experiments_outputs/2020-05-29T21:37:37/jl_i3QkXH
../instances/3;furini;false;false;2.468659648;2.669429881;20;32395;1860;11296;1860;8425;1393;true;./experiments_outputs/2020-05-30T23:26:05/jl_iFxjRL
../instances/STS2;none;false;false;NaN;0.585886607;30;105735;3383;105735;3383;105735;3383;true;./experiments_outputs/2020-05-29T21:37:37/jl_iVKMAc
../instances/okp3;none;true;false;NaN;1.474753641;30;224281;8356;224281;8356;224281;8356;true;./experiments_outputs/2020-05-29T21:37:37/jl_if4MFI
../instances/STS2;none;false;true;NaN;0.625833682;30;116893;3383;116893;3383;116893;3383;true;./experiments_outputs/2020-05-29T21:37:37/jl_ioxs9Q
../instances/A2;none;false;false;NaN;0.22550186;20;47287;2276;47287;2276;47287;2276;true;./experiments_outputs/2020-05-29T21:37:37/jl_j0htZ4
../instances/3s;none;true;true;NaN;0.175441101;20;38465;1860;38465;1860;38465;1860;true;./experiments_outputs/2020-05-29T21:37:37/jl_jQ24p3
../instances/okp1;none;true;false;NaN;1.664875305;15;250982;7947;250982;7947;250982;7947;true;./experiments_outputs/2020-05-29T21:37:37/jl_jlu6zs
../instances/okp5;furini;false;false;480.867153448;482.884736592;29;358577;9506;49352;9506;2247;691;true;./experiments_outputs/2020-05-30T23:26:05/jl_juJdE2
../instances/cgcut2;none;false;false;NaN;0.237082242;10;48855;2017;48855;2017;48855;2017;true;./experiments_outputs/2020-05-29T21:37:37/jl_k6xpRE
../instances/CHL1;none;false;true;NaN;3.445007048;30;546548;10402;546548;10402;546548;10402;true;./experiments_outputs/2020-05-29T21:37:37/jl_kRZcr3
../instances/gcut11;none;false;false;NaN;178.954030714;30;18863246;400070;18863246;400070;18863246;400070;true;./experiments_outputs/2020-05-29T21:37:37/jl_kVcEok
../instances/CHL7;furini;false;false;809.7174650540001;815.012941161;35;772618;12594;177332;12594;80521;7473;true;./experiments_outputs/2020-05-30T23:26:05/jl_kjr5aG
../instances/HH;none;false;false;NaN;0.81343434;5;135620;5486;135620;5486;135620;5486;true;./experiments_outputs/2020-05-29T21:37:37/jl_kycfBK
../instances/3s;furini;false;false;1.9747163060000001;2.164188892;20;32395;1860;3427;1860;301;212;true;./experiments_outputs/2020-05-30T23:26:05/jl_lJIcoe
../instances/Hchl6s;none;false;true;NaN;33.639395684;22;4650487;44593;4650487;44593;4650487;44593;true;./experiments_outputs/2020-05-29T21:37:37/jl_lO4o6h
../instances/CW2;none;true;false;NaN;5.032174754;35;737310;14664;737310;14664;737310;14664;true;./experiments_outputs/2020-05-29T21:37:37/jl_lWwx0w
../instances/gcut5;none;true;false;NaN;1.02545474;10;174447;24470;174447;24470;174447;24470;true;./experiments_outputs/2020-05-29T21:37:37/jl_lg6lTf
../instances/gcut2;furini;false;false;62.087462956;65.639529054;20;630744;28793;118791;28793;20095;4950;true;./experiments_outputs/2020-05-30T23:26:05/jl_lgA2kE
../instances/okp3;none;false;true;NaN;1.676556123;30;260154;8356;260154;8356;260154;8356;true;./experiments_outputs/2020-05-29T21:37:37/jl_lpyp6F
../instances/Hchl2;none;false;false;NaN;4.708652645;35;765481;12594;765481;12594;765481;12594;true;./experiments_outputs/2020-05-29T21:37:37/jl_m8Xp4t
../instances/Hchl6s;none;true;true;NaN;33.584005918;22;4730207;44593;4730207;44593;4730207;44593;true;./experiments_outputs/2020-05-29T21:37:37/jl_mPXk9F
../instances/cgcut3;none;false;true;NaN;0.177960867;20;37514;1860;37514;1860;37514;1860;true;./experiments_outputs/2020-05-29T21:37:37/jl_mXMdbd
../instances/STS2s;none;false;false;NaN;0.59298754;30;105735;3383;105735;3383;105735;3383;true;./experiments_outputs/2020-05-29T21:37:37/jl_miaGFJ
../instances/STS4;furini;false;false;104.15091478500001;106.118118615;20;332980;7224;35444;7224;11762;3065;true;./experiments_outputs/2020-05-30T23:26:05/jl_mqZft7
../instances/Hchl4s;none;false;false;NaN;3.162363983;10;505815;9670;505815;9670;505815;9670;true;./experiments_outputs/2020-05-29T21:37:37/jl_mt6myw
../instances/gcut3;none;false;true;NaN;10.112409227;30;1622251;32681;1622251;32681;1622251;32681;true;./experiments_outputs/2020-05-29T21:37:37/jl_mwMtfW
../instances/gcut8;none;true;true;NaN;128.267474724;50;16329875;136524;16329875;136524;16329875;136524;true;./experiments_outputs/2020-05-29T21:37:37/jl_n9qdMl
../instances/Hchl7s;none;false;true;NaN;38.863716376;40;5657441;46491;5657441;46491;5657441;46491;true;./experiments_outputs/2020-05-29T21:37:37/jl_nYpRdL
../instances/Hchl6s;furini;false;false;NaN;NaN;-1;4202385;44593;-1;-1;-1;-1;false;./experiments_outputs/2020-05-30T23:26:05/jl_nfVfrU
../instances/STS4s;none;false;true;NaN;2.219904004;20;348367;7224;348367;7224;348367;7224;true;./experiments_outputs/2020-05-29T21:37:37/jl_ni1fHx
../instances/gcut4;none;true;false;NaN;13.635141906;50;2258166;35176;2258166;35176;2258166;35176;true;./experiments_outputs/2020-05-29T21:37:37/jl_nrgyMY
../instances/CHL1s;none;true;true;NaN;3.521256836;30;548989;10402;548989;10402;548989;10402;true;./experiments_outputs/2020-05-29T21:37:37/jl_oBb9tx
../instances/A2s;none;true;true;NaN;0.281249513;20;61027;2276;61027;2276;61027;2276;true;./experiments_outputs/2020-05-29T21:37:37/jl_oXFfaH
../instances/gcut2;none;false;true;NaN;5.870021283;20;972569;28793;972569;28793;972569;28793;true;./experiments_outputs/2020-05-29T21:37:37/jl_ofiitc
../instances/gcut1;none;false;true;NaN;0.169796765;10;35029;4429;35029;4429;35029;4429;true;./experiments_outputs/2020-05-29T21:37:37/jl_p3GBAK
../instances/gcut12;none;true;true;NaN;836.752435595;50;66415417;489428;66415417;489428;66415417;489428;true;./experiments_outputs/2020-05-29T21:37:37/jl_pLmLPI
../instances/2;none;true;true;NaN;0.251314075;10;52580;2017;52580;2017;52580;2017;true;./experiments_outputs/2020-05-29T21:37:37/jl_pbMlz0
../instances/Hchl4s;furini;false;false;2037.095148518;2041.563743971;10;505815;9670;377911;9670;368376;9530;true;./experiments_outputs/2020-05-30T23:26:05/jl_pbj1hG
../instances/W;furini;false;false;1.8815335340000001;2.041836624;20;32247;1860;3358;1860;177;136;true;./experiments_outputs/2020-05-30T23:26:05/jl_pjQQAc
../instances/okp5;none;true;false;NaN;2.252247089;29;358581;9506;358581;9506;358581;9506;true;./experiments_outputs/2020-05-29T21:37:37/jl_qEBYvj
../instances/Hchl7s;none;true;false;NaN;37.974643305;40;5412573;46491;5412573;46491;5412573;46491;true;./experiments_outputs/2020-05-29T21:37:37/jl_qMQR1A
../instances/okp2;none;false;false;NaN;1.777212324;30;262102;9506;262102;9506;262102;9506;true;./experiments_outputs/2020-05-29T21:37:37/jl_qbcFYk
../instances/OF2;none;false;true;NaN;0.176388793;10;36527;2110;36527;2110;36527;2110;true;./experiments_outputs/2020-05-29T21:37:37/jl_qoeVcD
../instances/gcut7;none;false;false;NaN;17.447439291;30;2464583;100545;2464583;100545;2464583;100545;true;./experiments_outputs/2020-05-29T21:37:37/jl_rHCiri
../instances/2s;none;false;false;NaN;0.244670564;10;48855;2017;48855;2017;48855;2017;true;./experiments_outputs/2020-05-29T21:37:37/jl_rr0jAC
../instances/STS4s;none;true;false;NaN;2.094342402;20;337183;7224;337183;7224;337183;7224;true;./experiments_outputs/2020-05-29T21:37:37/jl_s3NMPY
../instances/wang20;none;true;true;NaN;0.290286329;20;38465;1860;38465;1860;38465;1860;true;./experiments_outputs/2020-05-29T21:37:37/jl_siiIGt
../instances/CW1;furini;false;false;29.757873954;32.065338299;25;338989;8407;120011;8407;107541;7700;true;./experiments_outputs/2020-05-30T23:26:05/jl_t2dmSN
../instances/Hchl9;none;false;false;NaN;0.691977443;35;118571;3666;118571;3666;118571;3666;true;./experiments_outputs/2020-05-29T21:37:37/jl_tURWsk
../instances/gcut3;none;true;false;NaN;7.96429774;30;1312786;32681;1312786;32681;1312786;32681;true;./experiments_outputs/2020-05-29T21:37:37/jl_tX16Qm
../instances/CU2;none;false;true;NaN;6.228932989;35;905100;16068;905100;16068;905100;16068;true;./experiments_outputs/2020-05-29T21:37:37/jl_tYjk0f
../instances/Hchl9;furini;false;false;27.557580071;28.224091135;35;118571;3666;19483;3666;10845;2280;true;./experiments_outputs/2020-05-30T23:26:05/jl_tjpYi8
../instances/CW3;none;false;true;NaN;20.003954463;40;2644210;33224;2644210;33224;2644210;33224;true;./experiments_outputs/2020-05-29T21:37:37/jl_tktZBV
../instances/Hchl9;none;true;true;NaN;0.6627682;35;130703;3666;130703;3666;130703;3666;true;./experiments_outputs/2020-05-29T21:37:37/jl_ur7L27
../instances/gcut8;none;false;true;NaN;107.366090792;50;14065634;136524;14065634;136524;14065634;136524;true;./experiments_outputs/2020-05-29T21:37:37/jl_vDHsVj
../instances/gcut10;none;false;false;NaN;0.124330534;20;19521;2537;19521;2537;19521;2537;true;./experiments_outputs/2020-05-29T21:37:37/jl_veywI4
../instances/gcut6;furini;false;false;30.382141459000003;36.258068124;20;998392;73814;250560;73814;22948;6337;true;./experiments_outputs/2020-05-30T23:26:05/jl_vsLwfW
../instances/okp4;furini;false;false;244.209623128;245.839538021;33;271535;9049;26208;9049;2994;1055;true;./experiments_outputs/2020-05-30T23:26:05/jl_w0xgDy
../instances/CHL2s;furini;false;false;4.273533328;4.578809679;10;48113;2348;18416;2348;15456;2043;true;./experiments_outputs/2020-05-30T23:26:05/jl_w1DKid
../instances/3;none;false;false;NaN;0.160633074;20;32395;1860;32395;1860;32395;1860;true;./experiments_outputs/2020-05-29T21:37:37/jl_w5HpSS
../instances/A3;none;false;false;NaN;0.637446277;20;115152;3752;115152;3752;115152;3752;true;./experiments_outputs/2020-05-29T21:37:37/jl_wRvNbk
../instances/gcut7;none;false;true;NaN;23.377695764;30;3846460;100800;3846460;100800;3846460;100800;true;./experiments_outputs/2020-05-29T21:37:37/jl_we42XF
../instances/gcut5;none;false;false;NaN;1.099445562;10;171502;24470;171502;24470;171502;24470;true;./experiments_outputs/2020-05-29T21:37:37/jl_xCj26v
../instances/cgcut1;none;false;false;NaN;0.009385291;7;737;140;737;140;737;140;true;./experiments_outputs/2020-05-29T21:37:37/jl_xNAGG9
../instances/okp4;none;false;true;NaN;1.982316693;33;287601;9049;287601;9049;287601;9049;true;./experiments_outputs/2020-05-29T21:37:37/jl_xrMAxl
../instances/Hchl7s;furini;false;false;NaN;NaN;-1;5348838;46491;-1;-1;-1;-1;false;./experiments_outputs/2020-05-30T23:26:05/jl_y8STOj
../instances/A1s;furini;false;false;2.7271156960000003;2.924737088;20;38730;2040;2782;2040;102;112;true;./experiments_outputs/2020-05-30T23:26:05/jl_yXZURr
../instances/cgcut3;none;true;false;NaN;0.161122764;20;33331;1860;33331;1860;33331;1860;true;./experiments_outputs/2020-05-29T21:37:37/jl_ybKzCs
../instances/CHL1s;none;true;false;NaN;3.179640311;30;521599;10402;521599;10402;521599;10402;true;./experiments_outputs/2020-05-29T21:37:37/jl_yzDzRo
../instances/CHL6;none;true;true;NaN;5.407215351;30;817574;13170;817574;13170;817574;13170;true;./experiments_outputs/2020-05-29T21:37:37/jl_z1drjG
../instances/A2;none;true;false;NaN;0.2354937;20;49755;2276;49755;2276;49755;2276;true;./experiments_outputs/2020-05-29T21:37:37/jl_z553UR
../instances/A2s;furini;false;false;3.079567835;3.31583161;20;47287;2276;5799;2276;457;290;true;./experiments_outputs/2020-05-30T23:26:05/jl_zYNnoO
../instances/gcut8;none;true;false;NaN;89.387127505;50;11538511;136524;11538511;136524;11538511;136524;true;./experiments_outputs/2020-05-29T21:37:37/jl_zbFPxS
