instance_name;pricing_method;round2disc;mip_start;purge_disabled;faithful;build_and_solve_time;total_instance_time;final_pricing_time;iterated_pricing_time;restricted_pricing_time;total_pricing_time;final_solving_time;finished;datafile
../instances/HH;none;true;guaranteed;false;false;6.072002172470093;6.078361851;NaN;NaN;NaN;NaN;4.739403254;true;./experiments_outputs/2020-07-08T19:53:19/jl_05Kavb
../instances/gcut9;furini;true;expected;false;true;1.052321195602417;1.05715574;0.016042935;0.033375994;0.372458391;0.720928647;0.279723274;true;./experiments_outputs/2020-07-08T19:53:19/jl_0PBq8o
../instances/A2;furini;true;expected;false;true;4.761743068695068;4.782190524;0.041570034;0.589167593;1.897293369;3.110537319;1.554369076;true;./experiments_outputs/2020-07-08T19:53:19/jl_0XU2nt
../instances/OF2;furini;true;expected;false;true;1.7096378803253174;1.713263737;0.011303674;0.212469665;1.062910943;1.535133025;0.131463782;true;./experiments_outputs/2020-07-08T19:53:19/jl_0m1oyn
../instances/STS2;none;false;expected;false;false;4.329377889633179;4.358826203;NaN;NaN;NaN;NaN;4.101994084;true;./experiments_outputs/2020-07-08T19:53:19/jl_13ADMR
../instances/Hchl3s;furini;true;expected;false;true;475.5766658782959;475.822185386;0.408971343;41.723764686;57.099283312;103.538113628;371.067831206;true;./experiments_outputs/2020-07-08T19:53:19/jl_14tw3k
../instances/cgcut1;none;true;expected;false;false;0.04725813865661621;0.048644322;NaN;NaN;NaN;NaN;0.02002434;true;./experiments_outputs/2020-07-08T19:53:19/jl_189JVR
../instances/A2;none;true;guaranteed;false;false;1.39650297164917;1.402347697;NaN;NaN;NaN;NaN;0.343671833;true;./experiments_outputs/2020-07-08T19:53:19/jl_1InJIN
../instances/gcut1;none;true;expected;false;false;0.016824007034301758;0.017475822;NaN;NaN;NaN;NaN;0.011705394;true;./experiments_outputs/2020-07-08T19:53:19/jl_1T8phV
../instances/okp2;none;true;guaranteed;false;false;10800.026188135147;NaN;NaN;NaN;NaN;NaN;10798.553784863;false;./experiments_outputs/2020-07-08T19:53:19/jl_1iPY34
../instances/A5;none;false;expected;false;false;25.293957948684692;25.357826946;NaN;NaN;NaN;NaN;24.87777409;true;./experiments_outputs/2020-07-08T19:53:19/jl_1vaxrk
../instances/gcut11;none;false;expected;false;false;1.5900402069091797;1.619852814;NaN;NaN;NaN;NaN;1.404025629;true;./experiments_outputs/2020-07-08T19:53:19/jl_1zIuXE
../instances/3;furini;true;guaranteed;true;false;1.5421209335327148;1.545055445;0.001443965;0.057502992;1.331236536;1.43640692;0.081321781;true;./experiments_outputs/2020-07-08T19:53:19/jl_20BsfQ
../instances/cgcut1;none;true;guaranteed;false;false;0.5273349285125732;0.528723952;NaN;NaN;NaN;NaN;0.0176862;true;./experiments_outputs/2020-07-08T19:53:19/jl_2H7K7W
../instances/okp5;none;true;expected;false;false;44.201728105545044;44.44570967;NaN;NaN;NaN;NaN;42.849876391;true;./experiments_outputs/2020-07-08T19:53:19/jl_2rbfDT
../instances/gcut2;none;true;expected;false;false;0.09752202033996582;0.100525939;NaN;NaN;NaN;NaN;0.078275714;true;./experiments_outputs/2020-07-08T19:53:19/jl_2zCKmm
../instances/CW2;furini;true;guaranteed;true;false;8.577738046646118;8.600038865;0.010383141;0.974065841;6.111707099;7.495715028;1.0249758;true;./experiments_outputs/2020-07-08T19:53:19/jl_31qCt3
../instances/OF1;furini;true;guaranteed;false;false;0.9647839069366455;0.966130166;0.001630876;0.093096849;0.758460504;0.917405794;0.017980651;true;./experiments_outputs/2020-07-08T19:53:19/jl_379otX
../instances/A2s;none;true;expected;false;false;0.21634316444396973;0.221997721;NaN;NaN;NaN;NaN;0.181188993;true;./experiments_outputs/2020-07-08T19:53:19/jl_3KCVNo
../instances/CW1;furini;true;guaranteed;true;false;6.916767120361328;6.934296697;0.011435076;1.398318302;4.573378253;6.389568728;0.477648638;true;./experiments_outputs/2020-07-08T19:53:19/jl_3RBXiv
../instances/CHL1;furini;true;expected;false;true;622.5995988845825;623.088166292;0.833832579;190.758245564;166.600111078;365.191257106;255.824215306;true;./experiments_outputs/2020-07-08T19:53:19/jl_3hQYca
../instances/gcut4;none;false;expected;false;false;5.436061859130859;5.500511588;NaN;NaN;NaN;NaN;5.022842156;true;./experiments_outputs/2020-07-08T19:53:19/jl_3nbtdp
../instances/gcut9;none;true;expected;false;false;0.06822514533996582;0.069419775;NaN;NaN;NaN;NaN;0.034695165;true;./experiments_outputs/2020-07-08T19:53:19/jl_3uKPuf
../instances/STS2;furini;true;expected;false;true;19.99821186065674;20.020217881;0.072320943;6.438935241;10.263710815;18.275999247;1.60040653;true;./experiments_outputs/2020-07-08T19:53:19/jl_48C9V3
../instances/CHL7;furini;true;guaranteed;false;false;259.8841450214386;259.928566516;0.101878929;71.931962249;175.856053013;250.943816908;8.717219668;true;./experiments_outputs/2020-07-08T19:53:19/jl_48pnKm
../instances/CHL1;none;false;expected;false;false;87.67284083366394;87.80514679;NaN;NaN;NaN;NaN;86.822628884;true;./experiments_outputs/2020-07-08T19:53:19/jl_4BR5UW
../instances/Hchl6s;none;true;guaranteed;false;false;118.03505206108093;118.247584338;NaN;NaN;NaN;NaN;114.747437258;true;./experiments_outputs/2020-07-08T19:53:19/jl_4OsVXv
../instances/CU2;furini;true;expected;false;true;21.10295295715332;21.104528107;NaN;12.496583455;5.303358183;20.89673284;NaN;true;./experiments_outputs/2020-07-08T19:53:19/jl_4sO94j
../instances/A4;furini;true;guaranteed;false;false;15.370175123214722;15.384044728;0.031263679;3.747701744;9.664185644;13.987013711;1.305847919;true;./experiments_outputs/2020-07-08T19:53:19/jl_4ukmsL
../instances/CW1;furini;true;guaranteed;false;false;6.912470817565918;6.92050985;0.011529513;1.401917503;4.567737986;6.383430262;0.46224433;true;./experiments_outputs/2020-07-08T19:53:19/jl_5A7boK
../instances/STS2s;none;true;expected;false;false;2.894076108932495;2.923581554;NaN;NaN;NaN;NaN;2.698618534;true;./experiments_outputs/2020-07-08T19:53:19/jl_5S5hug
../instances/Hchl2;none;true;guaranteed;false;false;97.36570596694946;97.535931643;NaN;NaN;NaN;NaN;94.49539118;true;./experiments_outputs/2020-07-08T19:53:19/jl_5usm0c
../instances/gcut8;none;true;guaranteed;false;false;2.20760178565979;2.24083627;NaN;NaN;NaN;NaN;1.026981593;true;./experiments_outputs/2020-07-08T19:53:19/jl_60FQB0
../instances/wang20;furini;true;expected;false;true;1.6782989501953125;1.679004931;NaN;0.323948276;1.100197056;1.648507265;NaN;true;./experiments_outputs/2020-07-08T19:53:19/jl_68IfG0
../instances/A1;furini;true;guaranteed;false;false;1.493826150894165;1.495320475;0.001268111;0.079006515;1.302272502;1.449820959;0.01632108;true;./experiments_outputs/2020-07-08T19:53:19/jl_6FDUau
../instances/CW2;furini;true;guaranteed;false;false;8.725286960601807;8.737861189;0.010439562;0.976040842;6.110833246;7.4933667;1.146903508;true;./experiments_outputs/2020-07-08T19:53:19/jl_6e6paK
../instances/HH;furini;true;guaranteed;true;false;5.031169891357422;5.037277797;0.004779398;0.153711614;2.770626395;3.004764136;1.998431828;true;./experiments_outputs/2020-07-08T19:53:19/jl_6ezA85
../instances/okp1;none;false;expected;false;false;36.38366198539734;36.522453585;NaN;NaN;NaN;NaN;35.435863871;true;./experiments_outputs/2020-07-08T19:53:19/jl_7dY3BX
../instances/CHL6;none;false;expected;false;false;88.71079897880554;88.903792323;NaN;NaN;NaN;NaN;87.581378584;true;./experiments_outputs/2020-07-08T19:53:19/jl_7fCUFZ
../instances/A1;none;false;expected;false;false;0.24466514587402344;0.250518861;NaN;NaN;NaN;NaN;0.208827533;true;./experiments_outputs/2020-07-08T19:53:19/jl_7tLA80
../instances/Hchl3s;none;true;guaranteed;false;false;149.04170513153076;149.130613365;NaN;NaN;NaN;NaN;146.420481407;true;./experiments_outputs/2020-07-08T19:53:19/jl_81W0HM
../instances/STS2s;furini;true;expected;false;true;14.17153811454773;14.174916185;0.033248274;4.610504269;7.981181778;13.965626852;0.136992234;true;./experiments_outputs/2020-07-08T19:53:19/jl_8AIwlC
../instances/CU2;none;true;expected;false;false;1.532792091369629;1.557638687;NaN;NaN;NaN;NaN;1.352560164;true;./experiments_outputs/2020-07-08T19:53:19/jl_8EOG7B
../instances/A1s;furini;true;guaranteed;false;false;1.3673779964447021;1.367865681;NaN;0.051666992;1.242061424;1.339609042;NaN;true;./experiments_outputs/2020-07-08T19:53:19/jl_8Kx9Vh
../instances/Hchl6s;furini;true;guaranteed;false;false;193.80660319328308;193.823349299;0.087113098;58.414805521;130.282241354;192.431325613;1.142683146;true;./experiments_outputs/2020-07-08T19:53:19/jl_8KytfN
../instances/OF1;furini;true;guaranteed;true;false;0.9710988998413086;0.973505373;0.001664252;0.093077686;0.762654865;0.923055832;0.021061755;true;./experiments_outputs/2020-07-08T19:53:19/jl_8VyJBt
../instances/CHL7;furini;true;expected;false;true;660.6055738925934;660.706153785;0.493756263;326.462044628;293.156663603;629.052977399;30.842071839;true;./experiments_outputs/2020-07-08T19:53:19/jl_8aUGlD
../instances/Hchl8s;furini;true;expected;false;true;2070.806475877762;2070.825509419;0.016837313;0.311428992;1411.296954202;1411.873996515;658.892470065;true;./experiments_outputs/2020-07-08T19:53:19/jl_8bA3kZ
../instances/gcut1;furini;true;expected;false;true;0.5321390628814697;0.532877922;0.000660727;0.006437287;0.434323301;0.459339617;0.008577005;true;./experiments_outputs/2020-07-08T19:53:19/jl_8eOXuq
../instances/A5;none;true;guaranteed;false;false;14.215975046157837;14.269676751;NaN;NaN;NaN;NaN;12.438940897;true;./experiments_outputs/2020-07-08T19:53:19/jl_8gHWDR
../instances/STS4s;none;true;guaranteed;false;false;8.165875911712646;8.212929946;NaN;NaN;NaN;NaN;6.417000238;true;./experiments_outputs/2020-07-08T19:53:19/jl_8iQEeV
../instances/A3;none;true;guaranteed;false;false;2.535780906677246;2.551239495;NaN;NaN;NaN;NaN;1.326621661;true;./experiments_outputs/2020-07-08T19:53:19/jl_8kAz3S
../instances/3s;furini;true;guaranteed;false;false;1.3715929985046387;1.372222237;NaN;0.02826681;1.285624406;1.346554931;NaN;true;./experiments_outputs/2020-07-08T19:53:19/jl_8tfTtS
../instances/3s;none;true;guaranteed;false;false;1.3310918807983398;1.334214932;NaN;NaN;NaN;NaN;0.080563349;true;./experiments_outputs/2020-07-08T19:53:19/jl_8zP1Y2
../instances/gcut12;none;true;expected;false;false;0.9342269897460938;0.969556986;NaN;NaN;NaN;NaN;0.786615725;true;./experiments_outputs/2020-07-08T19:53:19/jl_9AFKtl
../instances/Hchl4s;furini;true;guaranteed;true;false;6346.533601999283;6346.632831526;0.114190889;17.658685734;723.26353933;742.132688031;5604.297552492;true;./experiments_outputs/2020-07-08T19:53:19/jl_9KDMvR
../instances/W;none;true;expected;false;false;0.09726381301879883;0.100409827;NaN;NaN;NaN;NaN;0.076501512;true;./experiments_outputs/2020-07-08T19:53:19/jl_9ckITm
../instances/okp2;furini;true;guaranteed;false;false;6075.759812831879;6075.912129973;0.143403282;27.95477363;2709.216822739;2738.913184814;3336.542890755;true;./experiments_outputs/2020-07-08T19:53:19/jl_9h6Cco
../instances/CW1;none;true;expected;false;false;2.793964147567749;2.816203441;NaN;NaN;NaN;NaN;2.634328865;true;./experiments_outputs/2020-07-08T19:53:19/jl_9jbWKO
../instances/CHL5;none;false;expected;false;false;0.1711101531982422;0.173878378;NaN;NaN;NaN;NaN;0.132655769;true;./experiments_outputs/2020-07-08T19:53:19/jl_AMAFxE
../instances/cgcut2;furini;true;expected;false;true;3.629729986190796;3.631188873;0.01354499;0.661334437;2.410562712;3.60467703;0.006646739;true;./experiments_outputs/2020-07-08T19:53:19/jl_AsZXOj
../instances/CW1;none;true;guaranteed;false;false;3.9053587913513184;3.927662796;NaN;NaN;NaN;NaN;2.515195525;true;./experiments_outputs/2020-07-08T19:53:19/jl_BOgElt
../instances/3;none;true;guaranteed;false;false;1.3850209712982178;1.388539606;NaN;NaN;NaN;NaN;0.229506805;true;./experiments_outputs/2020-07-08T19:53:19/jl_BRVnVk
../instances/STS2;none;true;guaranteed;false;false;4.786404132843018;4.814960421;NaN;NaN;NaN;NaN;3.014986829;true;./experiments_outputs/2020-07-08T19:53:19/jl_BXgRWD
../instances/OF2;none;true;expected;false;false;0.14438390731811523;0.147647899;NaN;NaN;NaN;NaN;0.12514596;true;./experiments_outputs/2020-07-08T19:53:19/jl_Bo8wiZ
../instances/HH;none;true;expected;false;false;3.8248229026794434;3.831111409;NaN;NaN;NaN;NaN;3.75658012;true;./experiments_outputs/2020-07-08T19:53:19/jl_BrPWdW
../instances/CU2;furini;true;guaranteed;true;false;3.8670451641082764;3.86812546;NaN;0.681592462;2.853332117;3.814096282;NaN;true;./experiments_outputs/2020-07-08T19:53:19/jl_Bypkrt
../instances/OF2;none;false;expected;false;false;0.21171998977661133;0.215539451;NaN;NaN;NaN;NaN;0.186588885;true;./experiments_outputs/2020-07-08T19:53:19/jl_C0kHBh
../instances/A1s;furini;true;expected;false;true;1.755990982055664;1.756505492;NaN;0.25944102;1.24270915;1.727189895;NaN;true;./experiments_outputs/2020-07-08T19:53:19/jl_C4Wgge
../instances/CHL7;none;true;guaranteed;false;false;61.31333589553833;61.484575201;NaN;NaN;NaN;NaN;58.113951502;true;./experiments_outputs/2020-07-08T19:53:19/jl_CArSJl
../instances/CHL2s;none;true;guaranteed;false;false;1.199427843093872;1.205002696;NaN;NaN;NaN;NaN;0.396868161;true;./experiments_outputs/2020-07-08T19:53:19/jl_CFCEmH
../instances/Hchl9;none;false;expected;false;false;7.147481203079224;7.188264777;NaN;NaN;NaN;NaN;6.853984835;true;./experiments_outputs/2020-07-08T19:53:19/jl_CTR4Ku
../instances/okp2;furini;true;expected;false;true;10800.071436882019;NaN;0.370799501;69.213337638;9890.184768653;9963.295403802;836.416618381;false;./experiments_outputs/2020-07-08T19:53:19/jl_ChlaiL
../instances/A1;none;true;guaranteed;false;false;1.2906339168548584;1.295472383;NaN;NaN;NaN;NaN;0.132019108;true;./experiments_outputs/2020-07-08T19:53:19/jl_Clfs91
../instances/3;none;false;expected;false;false;0.6288321018218994;0.632868865;NaN;NaN;NaN;NaN;0.604092748;true;./experiments_outputs/2020-07-08T19:53:19/jl_CyUr3D
../instances/gcut6;furini;true;guaranteed;false;false;0.6179029941558838;0.618652698;0.000259407;0.010707003;0.564716706;0.594171824;0.017465919;true;./experiments_outputs/2020-07-08T19:53:19/jl_DYiAFc
../instances/gcut11;none;true;guaranteed;false;false;0.9269468784332275;0.93428249;NaN;NaN;NaN;NaN;0.226468009;true;./experiments_outputs/2020-07-08T19:53:19/jl_DaWQow
../instances/CU2;furini;true;guaranteed;false;false;3.8603200912475586;3.861394568;NaN;0.678604708;2.851754869;3.806524667;NaN;true;./experiments_outputs/2020-07-08T19:53:19/jl_DdAbFI
../instances/CHL1;furini;true;guaranteed;true;false;203.74033617973328;203.851146941;0.123275122;41.749512231;121.40463044;165.148683893;38.471172671;true;./experiments_outputs/2020-07-08T19:53:19/jl_Dwqqwa
../instances/CU2;none;false;expected;false;false;2.9820799827575684;3.0222586;NaN;NaN;NaN;NaN;2.649444017;true;./experiments_outputs/2020-07-08T19:53:19/jl_E2NgRj
../instances/CHL1s;none;false;expected;false;false;46.27024793624878;46.40116089;NaN;NaN;NaN;NaN;45.502723105;true;./experiments_outputs/2020-07-08T19:53:19/jl_EHC5av
../instances/STS2s;furini;true;guaranteed;false;false;6.596650123596191;6.598962293;0.009218934;1.453992794;4.543567724;6.501900163;0.055067798;true;./experiments_outputs/2020-07-08T19:53:19/jl_ELu8Ok
../instances/CHL2s;furini;true;guaranteed;false;false;1.9678049087524414;1.971606357;0.00286584;0.179978526;1.392076882;1.651771452;0.267090954;true;./experiments_outputs/2020-07-08T19:53:19/jl_Ejx5I8
../instances/A3;furini;true;guaranteed;false;false;4.128900051116943;4.133337313;0.006605886;0.694481497;2.947274197;3.899522473;0.187456375;true;./experiments_outputs/2020-07-08T19:53:19/jl_EkHjJQ
../instances/CW2;none;true;expected;false;false;3.0072548389434814;3.030129729;NaN;NaN;NaN;NaN;2.818047868;true;./experiments_outputs/2020-07-08T19:53:19/jl_Et1at0
../instances/2;furini;true;expected;false;true;3.626420021057129;3.627915477;0.013452108;0.661534113;2.40716161;3.578870405;0.006580073;true;./experiments_outputs/2020-07-08T19:53:19/jl_EwBHLP
../instances/A5;furini;true;expected;false;true;109.31017398834229;109.414905049;0.271394436;48.088772219;35.775446867;88.166430354;20.642369172;true;./experiments_outputs/2020-07-08T19:53:19/jl_EwmlIW
../instances/CU1;furini;true;guaranteed;true;false;2.1719448566436768;2.172710213;NaN;0.156576359;1.873455942;2.140853599;NaN;true;./experiments_outputs/2020-07-08T19:53:19/jl_FKarNR
../instances/CHL2s;none;true;expected;false;false;0.4883148670196533;0.49385111;NaN;NaN;NaN;NaN;0.429837059;true;./experiments_outputs/2020-07-08T19:53:19/jl_FVbn1F
../instances/2s;none;true;expected;false;false;0.4657759666442871;0.473648678;NaN;NaN;NaN;NaN;0.419049118;true;./experiments_outputs/2020-07-08T19:53:19/jl_FfZ06T
../instances/A1s;none;false;expected;false;false;0.21646904945373535;0.221490865;NaN;NaN;NaN;NaN;0.181125673;true;./experiments_outputs/2020-07-08T19:53:19/jl_GFDcjL
../instances/OF2;furini;true;guaranteed;true;false;1.1110820770263672;1.113111271;0.001057862;0.037732102;0.96099848;1.04126644;0.044728437;true;./experiments_outputs/2020-07-08T19:53:19/jl_GSv09d
../instances/W;none;false;expected;false;false;0.1169281005859375;0.120425862;NaN;NaN;NaN;NaN;0.092961525;true;./experiments_outputs/2020-07-08T19:53:19/jl_GeYdXS
../instances/CHL1s;none;true;guaranteed;false;false;33.61699986457825;33.761527203;NaN;NaN;NaN;NaN;31.16173725;true;./experiments_outputs/2020-07-08T19:53:19/jl_Gg1uMz
../instances/Hchl8s;furini;true;guaranteed;false;false;614.9869711399078;615.001016819;0.050312653;0.290162072;72.40734338;72.878802009;542.078390713;true;./experiments_outputs/2020-07-08T19:53:19/jl_Gnv7df
../instances/Hchl2;furini;true;guaranteed;true;false;553.7106029987335;553.865234014;0.12296374;196.857546295;308.515609868;508.265439027;45.316864613;true;./experiments_outputs/2020-07-08T19:53:19/jl_GxlI3B
../instances/gcut9;none;true;guaranteed;false;false;0.4028298854827881;0.404031475;NaN;NaN;NaN;NaN;0.01795246;true;./experiments_outputs/2020-07-08T19:53:19/jl_H0kDj9
../instances/CHL1s;furini;true;guaranteed;true;false;98.06380796432495;98.113086227;0.057434868;31.033255592;59.960074972;93.134529568;4.83027414;true;./experiments_outputs/2020-07-08T19:53:19/jl_HNMgnV
../instances/OF1;none;true;expected;false;false;0.265211820602417;0.27005144;NaN;NaN;NaN;NaN;0.211553099;true;./experiments_outputs/2020-07-08T19:53:19/jl_HUeCEC
../instances/HH;furini;true;expected;false;true;26.138731956481934;26.199516184;0.085049171;5.141812324;2.230695001;8.009954765;17.867776083;true;./experiments_outputs/2020-07-08T19:53:19/jl_HjBQ9W
../instances/A4;none;true;guaranteed;false;false;6.944151878356934;6.976535426;NaN;NaN;NaN;NaN;5.665743084;true;./experiments_outputs/2020-07-08T19:53:19/jl_HxTENc
../instances/W;furini;true;expected;false;true;1.7990920543670654;1.799727874;NaN;0.22763895;1.359999032;1.766991406;NaN;true;./experiments_outputs/2020-07-08T19:53:19/jl_I5N5Qa
../instances/gcut6;none;false;expected;false;false;0.09034514427185059;0.093108803;NaN;NaN;NaN;NaN;0.070771859;true;./experiments_outputs/2020-07-08T19:53:19/jl_I6rOQs
../instances/gcut6;none;true;guaranteed;false;false;0.5588738918304443;0.560581738;NaN;NaN;NaN;NaN;0.028853673;true;./experiments_outputs/2020-07-08T19:53:19/jl_IHa66Z
../instances/Hchl2;none;false;expected;false;false;104.79889988899231;105.02137872;NaN;NaN;NaN;NaN;103.516031665;true;./experiments_outputs/2020-07-08T19:53:19/jl_IKtFIq
../instances/Hchl8s;none;true;expected;false;false;345.7161910533905;345.730330623;NaN;NaN;NaN;NaN;345.613535986;true;./experiments_outputs/2020-07-08T19:53:19/jl_IO6mAl
../instances/okp1;furini;true;expected;false;true;52.90080285072327;52.924139943;0.178223639;13.842252655;32.438796313;49.53954952;3.17946442;true;./experiments_outputs/2020-07-08T19:53:19/jl_IRA12c
../instances/CHL2;none;true;expected;false;false;0.44324684143066406;0.448898654;NaN;NaN;NaN;NaN;0.382487698;true;./experiments_outputs/2020-07-08T19:53:19/jl_ISPzSL
../instances/gcut10;furini;true;guaranteed;false;false;0.6466200351715088;0.647796196;0.000363864;0.008889889;0.583008569;0.609499271;0.029299119;true;./experiments_outputs/2020-07-08T19:53:19/jl_IXM5Hh
../instances/OF1;furini;true;expected;false;true;1.731532096862793;1.733466555;0.010565505;0.351578851;0.959226596;1.648369607;0.045377597;true;./experiments_outputs/2020-07-08T19:53:19/jl_IYGeRF
../instances/gcut10;furini;true;expected;false;true;1.083611011505127;1.086419147;0.004238571;0.054669255;0.752204917;0.910342294;0.095704167;true;./experiments_outputs/2020-07-08T19:53:19/jl_J5ZZvG
../instances/gcut3;furini;true;guaranteed;true;false;1.2171289920806885;1.224631251;0.002098534;0.163968372;0.862667031;1.152377791;0.049325128;true;./experiments_outputs/2020-07-08T19:53:19/jl_JBE4ly
../instances/STS2s;none;true;guaranteed;false;false;4.291700124740601;4.320487093;NaN;NaN;NaN;NaN;2.51844569;true;./experiments_outputs/2020-07-08T19:53:19/jl_JDZ1oZ
../instances/gcut5;none;false;expected;false;false;0.22113800048828125;0.222957156;NaN;NaN;NaN;NaN;0.185299173;true;./experiments_outputs/2020-07-08T19:53:19/jl_JJQAsq
../instances/gcut7;none;true;guaranteed;false;false;0.7128980159759521;0.717242438;NaN;NaN;NaN;NaN;0.087755341;true;./experiments_outputs/2020-07-08T19:53:19/jl_JmdN2Y
../instances/gcut6;furini;true;expected;false;true;5.229849815368652;5.23314566;0.090118328;1.563432069;0.685631128;4.924618871;0.099693351;true;./experiments_outputs/2020-07-08T19:53:19/jl_JoTp7c
../instances/CHL6;furini;true;expected;false;true;610.662889957428;610.671503354;0.265483388;314.179398269;286.347229111;609.826969194;0.301903186;true;./experiments_outputs/2020-07-08T19:53:19/jl_JzE0um
../instances/CHL1s;furini;true;expected;false;true;310.4970281124115;310.606259602;0.339154783;141.608123962;131.313427734;279.28168769;30.577114378;true;./experiments_outputs/2020-07-08T19:53:19/jl_K9Lj03
../instances/STS4s;furini;true;expected;false;true;66.44913601875305;66.452550362;0.093020127;38.846471875;24.179999007;66.242119175;0.073163425;true;./experiments_outputs/2020-07-08T19:53:19/jl_KM2VQ3
../instances/cgcut3;furini;true;guaranteed;true;false;1.5450150966644287;1.547921466;0.001430609;0.05716015;1.332789928;1.43735063;0.081092533;true;./experiments_outputs/2020-07-08T19:53:19/jl_KXLS2q
../instances/2s;none;false;expected;false;false;0.6632988452911377;0.67268567;NaN;NaN;NaN;NaN;0.603539104;true;./experiments_outputs/2020-07-08T19:53:19/jl_KfKQUn
../instances/CW3;furini;true;guaranteed;false;false;12.703243017196655;12.708967756;0.018266194;2.823342376;8.718163125;12.406867964;0.177065895;true;./experiments_outputs/2020-07-08T19:53:19/jl_KlFiga
../instances/gcut4;furini;true;guaranteed;true;false;3.297077178955078;3.322685842;0.024825081;0.609910006;2.023993648;3.056825255;0.174436032;true;./experiments_outputs/2020-07-08T19:53:19/jl_KtiTgW
../instances/OF1;none;true;guaranteed;false;false;0.8307271003723145;0.835488351;NaN;NaN;NaN;NaN;0.140517974;true;./experiments_outputs/2020-07-08T19:53:19/jl_KzvcQf
../instances/gcut3;none;true;expected;false;false;0.277371883392334;0.287101407;NaN;NaN;NaN;NaN;0.220992701;true;./experiments_outputs/2020-07-08T19:53:19/jl_LSLAgO
../instances/CHL6;furini;true;guaranteed;true;false;197.11560893058777;197.143185115;0.049164623;60.573327844;133.338834841;196.793699163;0.228989486;true;./experiments_outputs/2020-07-08T19:53:19/jl_LfM4ob
../instances/A2;furini;true;guaranteed;false;false;1.9781248569488525;1.983328087;0.002998354;0.103839687;1.489231839;1.679491894;0.260379822;true;./experiments_outputs/2020-07-08T19:53:19/jl_LgKhd1
../instances/cgcut3;none;true;expected;false;false;0.320634126663208;0.324300304;NaN;NaN;NaN;NaN;0.299646918;true;./experiments_outputs/2020-07-08T19:53:19/jl_LiZLUX
../instances/2;none;true;guaranteed;false;false;1.7811570167541504;1.788980061;NaN;NaN;NaN;NaN;0.445341667;true;./experiments_outputs/2020-07-08T19:53:19/jl_M1FtjI
../instances/gcut9;furini;true;guaranteed;true;false;0.44683098793029785;0.44791724;0.000234679;0.005318599;0.380042157;0.395978986;0.020548027;true;./experiments_outputs/2020-07-08T19:53:19/jl_MRyhpe
../instances/STS4;furini;true;guaranteed;true;false;17.228317975997925;17.243908901;0.018421226;4.919952136;11.334443167;17.017387695;0.168193613;true;./experiments_outputs/2020-07-08T19:53:19/jl_Man5yK
../instances/A2s;none;true;guaranteed;false;false;1.3228418827056885;1.328445246;NaN;NaN;NaN;NaN;0.172526971;true;./experiments_outputs/2020-07-08T19:53:19/jl_MbcAQg
../instances/gcut2;furini;true;guaranteed;true;false;0.6823830604553223;0.684830139;0.000700625;0.026485532;0.588772831;0.652454582;0.022925672;true;./experiments_outputs/2020-07-08T19:53:19/jl_MfyGAe
../instances/gcut12;furini;true;guaranteed;true;false;2.2442119121551514;2.264820827;0.004572123;0.315513242;1.454282575;2.088428695;0.077491676;true;./experiments_outputs/2020-07-08T19:53:19/jl_Mq0fY1
../instances/Hchl9;none;true;expected;false;false;6.1461591720581055;6.18442409;NaN;NaN;NaN;NaN;5.861564226;true;./experiments_outputs/2020-07-08T19:53:19/jl_MwYste
../instances/Hchl7s;none;true;guaranteed;false;false;1039.3642828464508;1040.102912167;NaN;NaN;NaN;NaN;1032.225713961;true;./experiments_outputs/2020-07-08T19:53:19/jl_NEGNHO
../instances/okp2;none;true;expected;false;false;10800.025037050247;NaN;NaN;NaN;NaN;NaN;10799.243509045;false;./experiments_outputs/2020-07-08T19:53:19/jl_NLCpr9
../instances/Hchl8s;none;false;expected;false;false;267.89708495140076;267.926309514;NaN;NaN;NaN;NaN;267.781063199;true;./experiments_outputs/2020-07-08T19:53:19/jl_Neb4o2
../instances/CHL2;furini;true;guaranteed;true;false;1.695051908493042;1.699156927;0.002790644;0.190768699;1.203874482;1.482087314;0.186175568;true;./experiments_outputs/2020-07-08T19:53:19/jl_NtRg8h
../instances/OF2;none;true;guaranteed;false;false;0.9696459770202637;0.97285;NaN;NaN;NaN;NaN;0.114777308;true;./experiments_outputs/2020-07-08T19:53:19/jl_OKEQqD
../instances/CHL5;none;true;guaranteed;false;false;0.7855260372161865;0.788234001;NaN;NaN;NaN;NaN;0.116708929;true;./experiments_outputs/2020-07-08T19:53:19/jl_OM7e6c
../instances/gcut4;furini;true;expected;false;true;71.65086507797241;71.725640742;0.766638271;43.982876432;5.669350489;66.657221359;3.632030368;true;./experiments_outputs/2020-07-08T19:53:19/jl_OQYm9M
../instances/CHL2s;none;false;expected;false;false;0.7402710914611816;0.746894121;NaN;NaN;NaN;NaN;0.675415891;true;./experiments_outputs/2020-07-08T19:53:19/jl_OgE4Zk
../instances/gcut4;none;true;expected;false;false;1.5393829345703125;1.56868357;NaN;NaN;NaN;NaN;1.363459244;true;./experiments_outputs/2020-07-08T19:53:19/jl_OlSoxh
../instances/okp4;none;true;expected;false;false;22.309720993041992;22.463757166;NaN;NaN;NaN;NaN;21.292391017;true;./experiments_outputs/2020-07-08T19:53:19/jl_P0TJLY
../instances/A1s;none;true;expected;false;false;0.15750694274902344;0.161833293;NaN;NaN;NaN;NaN;0.128338197;true;./experiments_outputs/2020-07-08T19:53:19/jl_PQMAiy
../instances/cgcut2;none;true;expected;false;false;0.4876370429992676;0.495543645;NaN;NaN;NaN;NaN;0.438438654;true;./experiments_outputs/2020-07-08T19:53:19/jl_PvoSVo
../instances/CHL7;none;true;expected;false;false;57.198047161102295;57.369707348;NaN;NaN;NaN;NaN;56.049744419;true;./experiments_outputs/2020-07-08T19:53:19/jl_QBdNSU
../instances/okp4;furini;true;guaranteed;true;false;69.3320620059967;69.333412147;NaN;28.829898909;39.467077987;69.282292649;NaN;true;./experiments_outputs/2020-07-08T19:53:19/jl_QFdufA
../instances/A1s;none;true;guaranteed;false;false;1.2983951568603516;1.302660494;NaN;NaN;NaN;NaN;0.118078833;true;./experiments_outputs/2020-07-08T19:53:19/jl_QdbwJC
../instances/gcut8;furini;true;guaranteed;false;false;3.58589506149292;3.587497849;0.006657924;0.907111043;2.043975673;3.475364918;0.023216847;true;./experiments_outputs/2020-07-08T19:53:19/jl_RGQ3zw
../instances/gcut8;furini;true;guaranteed;true;false;3.5947728157043457;3.621298573;0.006655772;0.909967334;2.039320369;3.446153827;0.064370868;true;./experiments_outputs/2020-07-08T19:53:19/jl_RS8qpn
../instances/gcut10;none;true;guaranteed;false;false;0.585853099822998;0.58752496;NaN;NaN;NaN;NaN;0.041092372;true;./experiments_outputs/2020-07-08T19:53:19/jl_RV0qJj
../instances/gcut2;none;false;expected;false;false;0.3410959243774414;0.347992777;NaN;NaN;NaN;NaN;0.272172769;true;./experiments_outputs/2020-07-08T19:53:19/jl_RVup0W
../instances/Hchl7s;none;false;expected;false;false;2808.936051130295;2809.761720321;NaN;NaN;NaN;NaN;2803.427934264;true;./experiments_outputs/2020-07-08T19:53:19/jl_RjUYY5
../instances/CHL1s;none;true;expected;false;false;31.590882062911987;31.744093482;NaN;NaN;NaN;NaN;30.825255569;true;./experiments_outputs/2020-07-08T19:53:19/jl_Rs9yjL
../instances/OF2;furini;true;guaranteed;false;false;1.1068170070648193;1.10828365;0.001061396;0.037887067;0.961052702;1.039763037;0.041043259;true;./experiments_outputs/2020-07-08T19:53:19/jl_SPtaEK
../instances/okp1;none;true;guaranteed;false;false;21.876049041748047;22.019023633;NaN;NaN;NaN;NaN;19.782946948;true;./experiments_outputs/2020-07-08T19:53:19/jl_SUHJJr
../instances/A3;none;true;expected;false;false;1.3474860191345215;1.362772157;NaN;NaN;NaN;NaN;1.253453613;true;./experiments_outputs/2020-07-08T19:53:19/jl_SeCrIC
../instances/gcut5;furini;true;guaranteed;false;false;0.5279819965362549;0.529056918;0.00025537;0.003905557;0.464969845;0.478012065;0.026899255;true;./experiments_outputs/2020-07-08T19:53:19/jl_ShLYyB
../instances/CU1;none;false;expected;false;false;0.8248121738433838;0.839602419;NaN;NaN;NaN;NaN;0.701494709;true;./experiments_outputs/2020-07-08T19:53:19/jl_SlzQhq
../instances/Hchl4s;none;false;expected;false;false;10800.025286197662;NaN;NaN;NaN;NaN;NaN;10799.441411595;false;./experiments_outputs/2020-07-08T19:53:19/jl_SpDHDO
../instances/gcut2;furini;true;expected;false;true;6.468688011169434;6.481687432;0.171142892;1.224776095;0.751672303;5.418803213;0.814715539;true;./experiments_outputs/2020-07-08T19:53:19/jl_SxoWtl
../instances/STS2;furini;true;guaranteed;true;false;7.853420972824097;7.871913245;0.014803249;1.543412327;5.46125831;7.516438974;0.278252145;true;./experiments_outputs/2020-07-08T19:53:19/jl_T1NZba
../instances/Hchl7s;furini;true;guaranteed;false;false;1685.6520881652832;1685.709815752;0.282872219;530.769071237;1132.728197828;1674.201591931;10.806490527;true;./experiments_outputs/2020-07-08T19:53:19/jl_T9Ydzr
../instances/CHL6;none;true;expected;false;false;65.80345892906189;65.981730845;NaN;NaN;NaN;NaN;64.670594206;true;./experiments_outputs/2020-07-08T19:53:19/jl_TA985O
../instances/Hchl2;none;true;expected;false;false;97.01269888877869;97.183287496;NaN;NaN;NaN;NaN;95.895522482;true;./experiments_outputs/2020-07-08T19:53:19/jl_TBzPqY
../instances/Hchl6s;furini;true;guaranteed;true;false;193.89050197601318;193.951404754;0.085920331;58.295927607;130.261203232;192.285524759;1.431672815;true;./experiments_outputs/2020-07-08T19:53:19/jl_TK4g78
../instances/A2s;furini;true;guaranteed;false;false;1.4534831047058105;1.454620673;0.001458431;0.060559847;1.25979625;1.405322872;0.022119049;true;./experiments_outputs/2020-07-08T19:53:19/jl_TVGOXL
../instances/CHL2s;furini;true;expected;false;true;4.316296100616455;4.347002495;0.028634944;0.587322806;1.592811489;2.650258789;1.578519617;true;./experiments_outputs/2020-07-08T19:53:19/jl_TX2VsJ
../instances/gcut5;furini;true;guaranteed;true;false;0.530487060546875;0.531580837;0.000246971;0.003976611;0.467244229;0.48104127;0.027168355;true;./experiments_outputs/2020-07-08T19:53:19/jl_Tl7Kxu
../instances/W;furini;true;guaranteed;false;false;1.3355848789215088;1.33620798;NaN;0.029318266;1.249350699;1.309768286;NaN;true;./experiments_outputs/2020-07-08T19:53:19/jl_TrdMCB
../instances/cgcut3;none;true;guaranteed;false;false;1.3843588829040527;1.387869938;NaN;NaN;NaN;NaN;0.229316674;true;./experiments_outputs/2020-07-08T19:53:19/jl_U3DoSR
../instances/CU1;furini;true;expected;false;true;6.279211044311523;6.279981611;NaN;3.116288618;2.174029012;6.214271327;NaN;true;./experiments_outputs/2020-07-08T19:53:19/jl_UDhmak
../instances/wang20;furini;true;guaranteed;true;false;1.0833020210266113;1.083936151;NaN;0.035408509;0.994584067;1.060802415;NaN;true;./experiments_outputs/2020-07-08T19:53:19/jl_UNu4C8
../instances/3s;furini;true;expected;false;true;1.973417043685913;1.974122036;NaN;0.337113513;1.43024285;1.944592624;NaN;true;./experiments_outputs/2020-07-08T19:53:19/jl_UPtvZG
../instances/CHL1;furini;true;guaranteed;false;false;204.12660908699036;204.232677047;0.104563343;41.909876584;121.455653287;165.325691325;38.413119383;true;./experiments_outputs/2020-07-08T19:53:19/jl_URSHhw
../instances/okp4;none;false;expected;false;false;33.015645027160645;33.210308833;NaN;NaN;NaN;NaN;31.926870611;true;./experiments_outputs/2020-07-08T19:53:19/jl_Ua9hxC
../instances/CW3;none;false;expected;false;false;16.334841012954712;16.432006798;NaN;NaN;NaN;NaN;15.643016662;true;./experiments_outputs/2020-07-08T19:53:19/jl_Umu7Xm
../instances/CU1;furini;true;guaranteed;false;false;2.168687105178833;2.169440047;NaN;0.156275164;1.872854395;2.140097626;NaN;true;./experiments_outputs/2020-07-08T19:53:19/jl_V1A2dZ
../instances/CHL2;none;false;expected;false;false;0.7367310523986816;0.743789651;NaN;NaN;NaN;NaN;0.669357163;true;./experiments_outputs/2020-07-08T19:53:19/jl_VFMGVx
../instances/okp5;furini;true;guaranteed;true;false;96.52575302124023;96.56597824;0.109818436;30.21122505;63.558718214;96.330784083;0.119476998;true;./experiments_outputs/2020-07-08T19:53:19/jl_Vi8Syx
../instances/2s;furini;true;guaranteed;true;false;2.522374153137207;2.526233224;0.015813098;0.291129596;2.022614453;2.426854278;0.067317551;true;./experiments_outputs/2020-07-08T19:53:19/jl_WDf60i
../instances/cgcut1;furini;true;guaranteed;true;false;0.5341739654541016;0.534938316;NaN;0.007282283;0.49659173;0.512701347;NaN;true;./experiments_outputs/2020-07-08T19:53:19/jl_WSC2KG
../instances/A3;furini;true;expected;false;true;9.722064018249512;9.734227134;0.043905742;4.032511759;3.566373423;8.784607279;0.845819828;true;./experiments_outputs/2020-07-08T19:53:19/jl_WUhRkC
../instances/gcut1;none;false;expected;false;false;0.3627159595489502;0.382509677;NaN;NaN;NaN;NaN;0.015284951;true;./experiments_outputs/2020-07-08T19:53:19/jl_WYgwNg
../instances/CW3;none;true;expected;false;false;5.715583086013794;5.770136374;NaN;NaN;NaN;NaN;5.331295608;true;./experiments_outputs/2020-07-08T19:53:19/jl_WxzqEl
../instances/Hchl4s;furini;true;expected;false;true;10800.082957983017;NaN;0.599631842;44.91623869;749.160132264;798.832899303;9999.307242514;false;./experiments_outputs/2020-07-08T19:53:19/jl_WyeOkZ
../instances/cgcut3;furini;true;guaranteed;false;false;1.5404889583587646;1.54292067;0.001414727;0.056639099;1.328083466;1.431748299;0.078161606;true;./experiments_outputs/2020-07-08T19:53:19/jl_XD90jA
../instances/CHL1;none;true;expected;false;false;65.18362712860107;65.347776411;NaN;NaN;NaN;NaN;64.401890923;true;./experiments_outputs/2020-07-08T19:53:19/jl_XLXfRK
../instances/okp5;none;false;expected;false;false;79.39411497116089;79.653890439;NaN;NaN;NaN;NaN;77.946748347;true;./experiments_outputs/2020-07-08T19:53:19/jl_XaIi6p
../instances/STS4s;none;true;expected;false;false;6.715544939041138;6.762269043;NaN;NaN;NaN;NaN;6.37685729;true;./experiments_outputs/2020-07-08T19:53:19/jl_XlJskh
../instances/HH;furini;true;guaranteed;false;false;5.012516021728516;5.018198953;0.004710032;0.153446275;2.759680702;2.989435055;1.983883122;true;./experiments_outputs/2020-07-08T19:53:19/jl_Y9Hlbq
../instances/3s;furini;true;guaranteed;true;false;1.3727779388427734;1.373409664;NaN;0.028259522;1.285842991;1.346443351;NaN;true;./experiments_outputs/2020-07-08T19:53:19/jl_YDP4nB
../instances/STS4s;none;false;expected;false;false;12.78948187828064;12.850529606;NaN;NaN;NaN;NaN;12.427321865;true;./experiments_outputs/2020-07-08T19:53:19/jl_YIruc9
../instances/CHL6;none;true;guaranteed;false;false;70.11944198608398;70.301592605;NaN;NaN;NaN;NaN;67.248239686;true;./experiments_outputs/2020-07-08T19:53:19/jl_YTPEoB
../instances/A5;none;true;expected;false;false;12.71852707862854;12.772907162;NaN;NaN;NaN;NaN;12.332731254;true;./experiments_outputs/2020-07-08T19:53:19/jl_YUW0bX
../instances/A5;furini;true;guaranteed;false;false;24.2947199344635;24.312436182;0.028587358;6.221048723;14.833598822;21.787884333;2.386440543;true;./experiments_outputs/2020-07-08T19:53:19/jl_Ykrxcq
../instances/CW3;furini;true;guaranteed;true;false;12.780120849609375;12.824447017;0.018242426;2.822485719;8.708484445;12.4038098;0.279128755;true;./experiments_outputs/2020-07-08T19:53:19/jl_YmoOy1
../instances/2;none;false;expected;false;false;0.7069358825683594;0.716391774;NaN;NaN;NaN;NaN;0.626423797;true;./experiments_outputs/2020-07-08T19:53:19/jl_ZCREmj
../instances/gcut11;none;true;expected;false;false;0.2879490852355957;0.295370228;NaN;NaN;NaN;NaN;0.239641905;true;./experiments_outputs/2020-07-08T19:53:19/jl_ZOjxZC
../instances/gcut12;furini;true;expected;false;true;2424.640048980713;2424.730880815;35.155167656;2169.751950615;6.394369763;2406.101588196;2.976844995;true;./experiments_outputs/2020-07-08T19:53:19/jl_ZRFUMQ
../instances/okp3;furini;true;guaranteed;false;false;923.0308291912079;923.090999005;0.069301082;6.844208937;347.609487437;355.120359814;567.698639064;true;./experiments_outputs/2020-07-08T19:53:19/jl_ZY6ndJ
../instances/cgcut3;none;false;expected;false;false;0.6311750411987305;0.6351951;NaN;NaN;NaN;NaN;0.606369413;true;./experiments_outputs/2020-07-08T19:53:19/jl_ZY8l2a
../instances/gcut8;furini;true;expected;false;true;215.3224380016327;215.391514921;4.121515223;124.385314272;8.108722093;206.715270579;3.250616832;true;./experiments_outputs/2020-07-08T19:53:19/jl_ZaX2tb
../instances/gcut3;furini;true;guaranteed;false;false;1.2088830471038818;1.211462231;0.002052941;0.164100189;0.862589226;1.151669681;0.036860191;true;./experiments_outputs/2020-07-08T19:53:19/jl_ZwMZID
../instances/STS4;furini;true;expected;false;true;83.8470230102539;83.860539703;0.120682187;54.581904949;24.599466144;82.825263109;0.852276075;true;./experiments_outputs/2020-07-08T19:53:19/jl_a37l9B
../instances/okp1;furini;true;guaranteed;true;false;25.688009023666382;25.75150566;0.076359131;6.65896822;16.175930471;24.177567171;1.415521618;true;./experiments_outputs/2020-07-08T19:53:19/jl_a9mvjX
../instances/CHL2;none;true;guaranteed;false;false;0.9553771018981934;0.960987862;NaN;NaN;NaN;NaN;0.351041929;true;./experiments_outputs/2020-07-08T19:53:19/jl_aLRLEl
../instances/gcut12;furini;true;guaranteed;false;false;2.2169201374053955;2.21973746;0.004575143;0.317104078;1.45633934;2.092773221;0.04299452;true;./experiments_outputs/2020-07-08T19:53:19/jl_aMLbGd
../instances/CHL1s;furini;true;guaranteed;false;false;98.18521213531494;98.228263335;0.05659375;31.027666946;60.026561755;93.141012997;4.850283388;true;./experiments_outputs/2020-07-08T19:53:19/jl_aRAG4w
../instances/2;furini;true;guaranteed;false;false;2.555007219314575;2.556432569;0.00268722;0.339586752;2.077418447;2.516914959;0.00715737;true;./experiments_outputs/2020-07-08T19:53:19/jl_alrY5E
../instances/CHL7;furini;true;guaranteed;true;false;258.5626599788666;258.619331514;0.092016596;71.797871077;175.540903057;250.529715202;7.918395678;true;./experiments_outputs/2020-07-08T19:53:19/jl_arIC7m
../instances/cgcut3;furini;true;expected;false;true;3.208872079849243;3.216340576;0.016147182;0.491907109;1.847494269;2.815842967;0.34067634;true;./experiments_outputs/2020-07-08T19:53:19/jl_aygPob
../instances/CHL5;furini;true;guaranteed;false;false;0.8411428928375244;0.843037072;0.000953183;0.027290278;0.715606729;0.770072376;0.043357483;true;./experiments_outputs/2020-07-08T19:53:19/jl_c3hXaf
../instances/Hchl6s;none;false;expected;false;false;471.71391201019287;472.004903336;NaN;NaN;NaN;NaN;469.13102891;true;./experiments_outputs/2020-07-08T19:53:19/jl_cCymjJ
../instances/okp4;none;true;guaranteed;false;false;23.792017936706543;23.936723535;NaN;NaN;NaN;NaN;21.631276875;true;./experiments_outputs/2020-07-08T19:53:19/jl_cRfqkX
../instances/Hchl4s;none;true;guaranteed;false;false;6681.233245849609;6681.320520374;NaN;NaN;NaN;NaN;6678.938826372;true;./experiments_outputs/2020-07-08T19:53:19/jl_cTHzBQ
../instances/Hchl6s;furini;true;expected;false;true;3105.3364968299866;3105.646908092;1.999091837;2521.711510214;386.989302922;2947.396618087;155.250872178;true;./experiments_outputs/2020-07-08T19:53:19/jl_cUpPs3
../instances/A2;none;false;expected;false;false;1.1529099941253662;1.159899615;NaN;NaN;NaN;NaN;1.110571184;true;./experiments_outputs/2020-07-08T19:53:19/jl_cWbeup
../instances/gcut5;furini;true;expected;false;true;2.8275599479675293;2.843586819;0.020970579;0.088342958;0.53122677;0.864259491;1.880530679;true;./experiments_outputs/2020-07-08T19:53:19/jl_ceXUDq
../instances/3s;none;false;expected;false;false;0.1198129653930664;0.123890348;NaN;NaN;NaN;NaN;0.09542611;true;./experiments_outputs/2020-07-08T19:53:19/jl_cgqp53
../instances/A3;none;false;expected;false;false;2.3982818126678467;2.41603504;NaN;NaN;NaN;NaN;2.295660866;true;./experiments_outputs/2020-07-08T19:53:19/jl_cjzuyd
../instances/gcut10;furini;true;guaranteed;true;false;0.6465659141540527;0.648199315;0.000362117;0.008903056;0.583213746;0.609614678;0.030769853;true;./experiments_outputs/2020-07-08T19:53:19/jl_cwSZf7
../instances/STS4;none;true;guaranteed;false;false;9.764035940170288;9.809900016;NaN;NaN;NaN;NaN;7.991714561;true;./experiments_outputs/2020-07-08T19:53:19/jl_d2xoUI
../instances/gcut1;furini;true;guaranteed;true;false;0.4243741035461426;0.424999963;9.3893e-5;0.001337053;0.407677208;0.412774825;0.007875809;true;./experiments_outputs/2020-07-08T19:53:19/jl_dKkKnX
../instances/A5;furini;true;guaranteed;true;false;23.953267097473145;23.978505143;0.029276738;6.226022187;14.771274128;21.739660595;2.144078639;true;./experiments_outputs/2020-07-08T19:53:19/jl_dX5acC
../instances/CHL2s;furini;true;guaranteed;true;false;1.9526000022888184;1.956788401;0.002873501;0.180590177;1.395396127;1.657718188;0.267326694;true;./experiments_outputs/2020-07-08T19:53:19/jl_dpY3Wt
../instances/gcut11;furini;true;expected;false;true;407.84199500083923;408.927844379;16.044840258;194.816757477;1.889090035;295.234030699;102.071235772;true;./experiments_outputs/2020-07-08T19:53:19/jl_e18PP1
../instances/cgcut2;none;true;guaranteed;false;false;1.7616431713104248;1.76950872;NaN;NaN;NaN;NaN;0.447056752;true;./experiments_outputs/2020-07-08T19:53:19/jl_eMH6Cm
../instances/okp5;furini;true;guaranteed;false;false;94.9557728767395;94.957112988;0.080397591;29.697655033;62.626676508;94.837231283;0.026688306;true;./experiments_outputs/2020-07-08T19:53:19/jl_eRc2Cq
../instances/STS2s;none;false;expected;false;false;3.5933871269226074;3.627849546;NaN;NaN;NaN;NaN;3.411513933;true;./experiments_outputs/2020-07-08T19:53:19/jl_en3fHd
../instances/A3;furini;true;guaranteed;true;false;4.145395994186401;4.154951962;0.006563007;0.694626513;2.95036854;3.907759579;0.20429976;true;./experiments_outputs/2020-07-08T19:53:19/jl_eoBoQ8
../instances/3;furini;true;expected;false;true;3.192883014678955;3.20032423;0.015862826;0.490064252;1.84394504;2.795785999;0.340499391;true;./experiments_outputs/2020-07-08T19:53:19/jl_eoGjET
../instances/gcut3;furini;true;expected;false;true;20.056255102157593;20.097991447;0.489648711;9.094758534;1.734270945;18.950791906;0.544962816;true;./experiments_outputs/2020-07-08T19:53:19/jl_eqpmgA
../instances/CU2;none;true;guaranteed;false;false;3.347024917602539;3.371505754;NaN;NaN;NaN;NaN;1.370043929;true;./experiments_outputs/2020-07-08T19:53:19/jl_ezbccP
../instances/A4;furini;true;expected;false;true;33.46003198623657;33.502364921;0.177465568;9.477677933;15.230216715;26.602195241;6.431070267;true;./experiments_outputs/2020-07-08T19:53:19/jl_fGEtHY
../instances/2s;none;true;guaranteed;false;false;1.7850589752197266;1.793001592;NaN;NaN;NaN;NaN;0.415216138;true;./experiments_outputs/2020-07-08T19:53:19/jl_fL7LGx
../instances/cgcut2;none;false;expected;false;false;0.6937689781188965;0.703284254;NaN;NaN;NaN;NaN;0.630274283;true;./experiments_outputs/2020-07-08T19:53:19/jl_fOQlRq
../instances/gcut7;furini;true;guaranteed;true;false;0.8398399353027344;0.84393048;0.000749959;0.035605754;0.692573244;0.783167417;0.046291419;true;./experiments_outputs/2020-07-08T19:53:19/jl_fTQiEH
../instances/cgcut2;furini;true;guaranteed;true;false;2.544001817703247;2.547308373;0.002714218;0.342304807;2.08090917;2.525058108;0.01262088;true;./experiments_outputs/2020-07-08T19:53:19/jl_fZftSZ
../instances/gcut10;none;false;expected;false;false;0.13773107528686523;0.140692378;NaN;NaN;NaN;NaN;0.110650489;true;./experiments_outputs/2020-07-08T19:53:19/jl_fb2oQh
../instances/Hchl3s;furini;true;guaranteed;true;false;100.36582589149475;100.429102244;0.0640882;13.132495454;40.12736261;54.341756949;45.936665601;true;./experiments_outputs/2020-07-08T19:53:19/jl_fbu81g
../instances/gcut6;none;true;expected;false;false;0.03969383239746094;0.041387844;NaN;NaN;NaN;NaN;0.028268879;true;./experiments_outputs/2020-07-08T19:53:19/jl_fgLvbp
../instances/okp3;none;true;expected;false;false;1279.8041920661926;1279.85656368;NaN;NaN;NaN;NaN;1279.493668665;true;./experiments_outputs/2020-07-08T19:53:19/jl_fyH0J8
../instances/wang20;none;true;expected;false;false;0.1205148696899414;0.12366491;NaN;NaN;NaN;NaN;0.076655585;true;./experiments_outputs/2020-07-08T19:53:19/jl_fzPXl7
../instances/gcut8;none;false;expected;false;false;5.266458034515381;5.3519718;NaN;NaN;NaN;NaN;4.682379862;true;./experiments_outputs/2020-07-08T19:53:19/jl_g1bvFA
../instances/A2s;furini;true;guaranteed;true;false;1.4623610973358154;1.4659709;0.001464028;0.060386359;1.259593989;1.405320759;0.027642234;true;./experiments_outputs/2020-07-08T19:53:19/jl_gAmXJp
../instances/CHL2;furini;true;guaranteed;false;false;1.6839699745178223;1.687181541;0.002811403;0.190519537;1.203788799;1.478199852;0.172440514;true;./experiments_outputs/2020-07-08T19:53:19/jl_gJ2ez5
../instances/STS2;furini;true;guaranteed;false;false;7.836509943008423;7.844431395;0.015391524;1.549500608;5.456522235;7.512473262;0.251799597;true;./experiments_outputs/2020-07-08T19:53:19/jl_gLJYDE
../instances/okp5;none;true;guaranteed;false;false;46.47813010215759;46.732492874;NaN;NaN;NaN;NaN;43.273501133;true;./experiments_outputs/2020-07-08T19:53:19/jl_gP1KaX
../instances/STS4s;furini;true;guaranteed;false;false;17.756046056747437;17.758437267;0.015262299;5.307805555;11.588676266;17.657706665;0.052011627;true;./experiments_outputs/2020-07-08T19:53:19/jl_gTSMGd
../instances/Hchl9;furini;true;guaranteed;false;false;14.528605937957764;14.535870254;0.016552143;3.480676628;9.967025528;14.143848163;0.317877633;true;./experiments_outputs/2020-07-08T19:53:19/jl_gcmeXH
../instances/CHL5;none;true;expected;false;false;0.16168999671936035;0.164432378;NaN;NaN;NaN;NaN;0.124426446;true;./experiments_outputs/2020-07-08T19:53:19/jl_ggdSDS
../instances/STS2;none;true;expected;false;false;3.1472649574279785;3.176543901;NaN;NaN;NaN;NaN;2.951841021;true;./experiments_outputs/2020-07-08T19:53:19/jl_h8OsEm
../instances/A4;none;true;expected;false;false;5.8751749992370605;5.909603294;NaN;NaN;NaN;NaN;5.634479493;true;./experiments_outputs/2020-07-08T19:53:19/jl_hYquXD
../instances/CW2;none;true;guaranteed;false;false;4.152752161026001;4.176523825;NaN;NaN;NaN;NaN;2.84285952;true;./experiments_outputs/2020-07-08T19:53:19/jl_hbnv9M
../instances/Hchl3s;none;false;expected;false;false;155.23449301719666;155.379859588;NaN;NaN;NaN;NaN;154.671776248;true;./experiments_outputs/2020-07-08T19:53:19/jl_hgPtTm
../instances/A1;furini;true;expected;false;true;2.517411947250366;2.518850891;0.012321376;0.452211562;1.498924995;2.473056695;0.008444338;true;./experiments_outputs/2020-07-08T19:53:19/jl_i1KCw7
../instances/A2s;none;false;expected;false;false;0.3233480453491211;0.330199043;NaN;NaN;NaN;NaN;0.283036316;true;./experiments_outputs/2020-07-08T19:53:19/jl_i1U1Ht
../instances/okp3;furini;true;guaranteed;true;false;934.3189280033112;934.379283602;0.070202615;6.982969228;351.72887617;359.390036022;574.864293769;true;./experiments_outputs/2020-07-08T19:53:19/jl_inPURV
../instances/gcut8;none;true;expected;false;false;1.4482998847961426;1.481640746;NaN;NaN;NaN;NaN;1.234040227;true;./experiments_outputs/2020-07-08T19:53:19/jl_jCqEOz
../instances/gcut7;none;true;expected;false;false;0.13365602493286133;0.138154699;NaN;NaN;NaN;NaN;0.105979389;true;./experiments_outputs/2020-07-08T19:53:19/jl_jrAm2Y
../instances/cgcut1;furini;true;guaranteed;false;false;0.5382061004638672;0.538959156;NaN;0.007198612;0.49577947;0.512608341;NaN;true;./experiments_outputs/2020-07-08T19:53:19/jl_jyBNbi
../instances/gcut11;furini;true;guaranteed;true;false;1.2110469341278076;1.217179595;0.002108896;0.101605816;0.930748764;1.126530036;0.066485245;true;./experiments_outputs/2020-07-08T19:53:19/jl_kHvey2
../instances/CW1;furini;true;expected;false;true;57.07538104057312;57.191917401;0.249194865;15.925625189;7.832194322;27.623076045;28.903382387;true;./experiments_outputs/2020-07-08T19:53:19/jl_kKWPEI
../instances/cgcut2;furini;true;guaranteed;false;false;2.5277340412139893;2.529172476;0.002711446;0.338366914;2.076812904;2.513660834;0.007203745;true;./experiments_outputs/2020-07-08T19:53:19/jl_kWPjgn
../instances/3s;none;true;expected;false;false;0.10059380531311035;0.103738225;NaN;NaN;NaN;NaN;0.079528441;true;./experiments_outputs/2020-07-08T19:53:19/jl_lK9bNI
../instances/gcut5;none;true;expected;false;false;0.09003186225891113;0.091152945;NaN;NaN;NaN;NaN;0.062493273;true;./experiments_outputs/2020-07-08T19:53:19/jl_lS98XP
../instances/Hchl9;furini;true;expected;false;true;33.9092071056366;33.923327385;0.049842094;11.229233837;19.872066318;32.948970921;0.853333186;true;./experiments_outputs/2020-07-08T19:53:19/jl_lZAb4z
../instances/CW2;none;false;expected;false;false;7.164216995239258;7.199200259;NaN;NaN;NaN;NaN;6.860266625;true;./experiments_outputs/2020-07-08T19:53:19/jl_lk2Kr6
../instances/CHL1;none;true;guaranteed;false;false;73.5161759853363;73.681136562;NaN;NaN;NaN;NaN;71.441574173;true;./experiments_outputs/2020-07-08T19:53:19/jl_loiAkh
../instances/gcut4;none;true;guaranteed;false;false;2.3936359882354736;2.422911185;NaN;NaN;NaN;NaN;1.208217138;true;./experiments_outputs/2020-07-08T19:53:19/jl_mD7nC8
../instances/2;furini;true;guaranteed;true;false;2.566042184829712;2.569385734;0.002718136;0.339784794;2.083481101;2.526584668;0.01219446;true;./experiments_outputs/2020-07-08T19:53:19/jl_mFdp8T
../instances/CW1;none;false;expected;false;false;5.5505359172821045;5.578887177;NaN;NaN;NaN;NaN;5.32850087;true;./experiments_outputs/2020-07-08T19:53:19/jl_mJo7Gb
../instances/gcut9;furini;true;guaranteed;false;false;0.4444291591644287;0.445328815;0.000233233;0.005298177;0.379960692;0.397533387;0.019936812;true;./experiments_outputs/2020-07-08T19:53:19/jl_meuTdo
../instances/CHL7;none;false;expected;false;false;89.25168704986572;89.476787819;NaN;NaN;NaN;NaN;88.093499859;true;./experiments_outputs/2020-07-08T19:53:19/jl_mgSpJz
../instances/STS4;none;false;expected;false;false;15.227735042572021;15.282909094;NaN;NaN;NaN;NaN;14.836120124;true;./experiments_outputs/2020-07-08T19:53:19/jl_murYwx
../instances/CW3;none;true;guaranteed;false;false;7.390419960021973;7.443351581;NaN;NaN;NaN;NaN;5.280266265;true;./experiments_outputs/2020-07-08T19:53:19/jl_myYFPj
../instances/CW2;furini;true;expected;false;true;250.72058701515198;251.033316991;0.543315396;19.228718646;11.716806289;38.946366635;210.443994534;true;./experiments_outputs/2020-07-08T19:53:19/jl_nGergP
../instances/okp1;none;true;expected;false;false;20.91629195213318;21.054714781;NaN;NaN;NaN;NaN;20.10612155;true;./experiments_outputs/2020-07-08T19:53:19/jl_nRx1my
../instances/CU1;none;true;expected;false;false;0.40618085861206055;0.415789228;NaN;NaN;NaN;NaN;0.310597691;true;./experiments_outputs/2020-07-08T19:53:19/jl_nb0BCK
../instances/okp2;none;false;expected;false;false;10800.031208992004;NaN;NaN;NaN;NaN;NaN;10799.160820941;false;./experiments_outputs/2020-07-08T19:53:19/jl_ndFzqu
../instances/gcut9;none;false;expected;false;false;0.12227392196655273;0.125073741;NaN;NaN;NaN;NaN;0.082401183;true;./experiments_outputs/2020-07-08T19:53:19/jl_nmtHGV
../instances/okp3;furini;true;expected;false;true;10800.03829908371;NaN;0.325139481;52.049069324;4473.643237247;4528.763312866;6270.2577607;false;./experiments_outputs/2020-07-08T19:53:19/jl_nsMxzI
../instances/Hchl8s;furini;true;guaranteed;true;false;620.7112588882446;620.725702645;0.011804975;0.293036434;73.040630939;73.496398609;547.183541849;true;./experiments_outputs/2020-07-08T19:53:19/jl_nuQfKp
../instances/STS4;none;true;expected;false;false;8.294904947280884;8.344431996;NaN;NaN;NaN;NaN;7.961724474;true;./experiments_outputs/2020-07-08T19:53:19/jl_oSxuaR
../instances/Hchl2;furini;true;expected;false;true;851.1769380569458;851.440602224;0.608181523;362.920243568;320.719165925;694.141656383;155.732202033;true;./experiments_outputs/2020-07-08T19:53:19/jl_ogMGgZ
../instances/wang20;none;false;expected;false;false;0.14246201515197754;0.146056872;NaN;NaN;NaN;NaN;0.092060382;true;./experiments_outputs/2020-07-08T19:53:19/jl_omaxgK
../instances/gcut3;none;false;expected;false;false;0.737982988357544;0.754663779;NaN;NaN;NaN;NaN;0.629281334;true;./experiments_outputs/2020-07-08T19:53:19/jl_pHN2JE
../instances/okp3;none;true;guaranteed;false;false;942.660012960434;942.710933024;NaN;NaN;NaN;NaN;941.730064512;true;./experiments_outputs/2020-07-08T19:53:19/jl_pN0CD6
../instances/Hchl3s;furini;true;guaranteed;false;false;100.55488896369934;100.614214562;0.065136723;13.152157444;40.180079626;54.376612029;45.925743138;true;./experiments_outputs/2020-07-08T19:53:19/jl_pW241D
../instances/Hchl7s;none;true;expected;false;false;1029.6278049945831;1030.37158576;NaN;NaN;NaN;NaN;1024.886501764;true;./experiments_outputs/2020-07-08T19:53:19/jl_pxFmZg
../instances/okp2;furini;true;guaranteed;true;false;6152.337858200073;6152.490838944;0.358013312;28.375390095;2740.789092105;2771.162832284;3380.899835737;true;./experiments_outputs/2020-07-08T19:53:19/jl_qGFL7H
../instances/Hchl9;none;true;guaranteed;false;false;7.737201929092407;7.775527297;NaN;NaN;NaN;NaN;6.001836874;true;./experiments_outputs/2020-07-08T19:53:19/jl_qLQGtK
../instances/okp3;none;false;expected;false;false;6527.379572868347;6527.439917584;NaN;NaN;NaN;NaN;6526.996694892;true;./experiments_outputs/2020-07-08T19:53:19/jl_qLwDvp
../instances/Hchl7s;furini;true;expected;false;true;NaN;NaN;NaN;NaN;7115.543208443;NaN;NaN;false;./experiments_outputs/2020-07-08T19:53:19/jl_qkJN3M
../instances/CW3;furini;true;expected;false;true;147.556538105011;147.758433454;1.287121193;81.220623535;18.020344893;124.96202587;21.020533678;true;./experiments_outputs/2020-07-08T19:53:19/jl_qnbgPS
../instances/wang20;none;true;guaranteed;false;false;1.0487442016601562;1.051879391;NaN;NaN;NaN;NaN;0.078399234;true;./experiments_outputs/2020-07-08T19:53:19/jl_qnpUc8
../instances/A2s;furini;true;expected;false;true;2.5437960624694824;2.545477162;0.01510841;0.552395886;1.390280305;2.457109014;0.044653507;true;./experiments_outputs/2020-07-08T19:53:19/jl_r45fgR
../instances/wang20;furini;true;guaranteed;false;false;1.7310659885406494;1.731712617;NaN;0.380694294;0.995172475;1.70546887;NaN;true;./experiments_outputs/2020-07-08T19:53:19/jl_r8XJOk
../instances/gcut4;furini;true;guaranteed;false;false;3.2653441429138184;3.270586446;0.024278304;0.614020513;2.021828142;3.055383681;0.132321983;true;./experiments_outputs/2020-07-08T19:53:19/jl_r9DYx2
../instances/gcut7;furini;true;expected;false;true;18.3435640335083;18.353012735;0.675678559;4.406752064;0.955813623;16.944404908;0.547322953;true;./experiments_outputs/2020-07-08T19:53:19/jl_rFppKf
../instances/A1s;furini;true;guaranteed;true;false;1.3122751712799072;1.312897661;NaN;0.05152991;1.183763691;1.285991839;NaN;true;./experiments_outputs/2020-07-08T19:53:19/jl_rRtblY
../instances/gcut12;none;true;guaranteed;false;false;1.789475917816162;1.824570757;NaN;NaN;NaN;NaN;0.638094749;true;./experiments_outputs/2020-07-08T19:53:19/jl_ri6ElM
../instances/gcut1;furini;true;guaranteed;false;false;0.4452171325683594;0.445806141;8.9463e-5;0.001353132;0.409141187;0.414820768;0.007721506;true;./experiments_outputs/2020-07-08T19:53:19/jl_rlMXO0
../instances/A1;furini;true;guaranteed;true;false;1.496690034866333;1.49985998;0.001269469;0.079159783;1.301050118;1.452239046;0.020175006;true;./experiments_outputs/2020-07-08T19:53:19/jl_roOpsR
../instances/2s;furini;true;expected;false;true;3.6339330673217773;3.636531725;0.01650367;0.731585527;2.357377152;3.519530713;0.069896256;true;./experiments_outputs/2020-07-08T19:53:19/jl_ruLU7f
../instances/3;furini;true;guaranteed;false;false;1.5459110736846924;1.548301205;0.001447681;0.057026055;1.329349199;1.434662023;0.078761053;true;./experiments_outputs/2020-07-08T19:53:19/jl_s1oi51
../instances/W;none;true;guaranteed;false;false;1.3091189861297607;1.312226846;NaN;NaN;NaN;NaN;0.077616496;true;./experiments_outputs/2020-07-08T19:53:19/jl_sM7Cp4
../instances/gcut7;furini;true;guaranteed;false;false;0.8295729160308838;0.830995809;0.000752315;0.035400418;0.692080447;0.782309053;0.034797936;true;./experiments_outputs/2020-07-08T19:53:19/jl_sbnd8P
../instances/okp5;furini;true;expected;false;true;259.9027178287506;259.906566229;0.149833946;115.00946251;138.991255316;259.55400302;0.172603595;true;./experiments_outputs/2020-07-08T19:53:19/jl_seInBk
../instances/Hchl4s;none;true;expected;false;false;10800.133919000626;NaN;NaN;NaN;NaN;NaN;10799.580513177;false;./experiments_outputs/2020-07-08T19:53:19/jl_spmN8F
../instances/CHL5;furini;true;guaranteed;true;false;0.8416409492492676;0.843664255;0.000977747;0.027350737;0.714995325;0.770457381;0.044157727;true;./experiments_outputs/2020-07-08T19:53:19/jl_syS1hn
../instances/2s;furini;true;guaranteed;false;false;2.535634994506836;2.537555453;0.03867921;0.290846731;2.025244443;2.452074066;0.055940614;true;./experiments_outputs/2020-07-08T19:53:19/jl_t2AyBx
../instances/Hchl4s;furini;true;guaranteed;false;false;6346.70907497406;6346.859751285;0.114483996;17.648506224;723.022737188;741.883236519;5604.451583331;true;./experiments_outputs/2020-07-08T19:53:19/jl_tArmNm
../instances/gcut1;none;true;guaranteed;false;false;0.4327421188354492;0.433404538;NaN;NaN;NaN;NaN;0.01039592;true;./experiments_outputs/2020-07-08T19:53:19/jl_tCegcU
../instances/Hchl3s;none;true;expected;false;false;87.4172420501709;87.506612153;NaN;NaN;NaN;NaN;86.884444335;true;./experiments_outputs/2020-07-08T19:53:19/jl_tRpyKy
../instances/okp4;furini;true;guaranteed;false;false;67.890860080719;67.892207906;NaN;28.207298213;38.665100907;67.837069599;NaN;true;./experiments_outputs/2020-07-08T19:53:19/jl_tYoiAX
../instances/okp4;furini;true;expected;false;true;144.92625379562378;144.927578265;NaN;55.248360903;87.666836105;144.85175949;NaN;true;./experiments_outputs/2020-07-08T19:53:19/jl_teouI4
../instances/Hchl2;furini;true;guaranteed;false;false;556.566083908081;556.654243905;0.123917501;199.18968493;309.769698937;511.823625936;44.376416503;true;./experiments_outputs/2020-07-08T19:53:19/jl_tpauoc
../instances/gcut6;furini;true;guaranteed;true;false;0.6187970638275146;0.620198483;0.000251192;0.010654151;0.565038194;0.59441952;0.018977456;true;./experiments_outputs/2020-07-08T19:53:19/jl_tyCPU4
../instances/A4;furini;true;guaranteed;true;false;15.40035104751587;15.420205248;0.031787496;3.738451367;9.656819958;13.968357795;1.388707242;true;./experiments_outputs/2020-07-08T19:53:19/jl_uIY0v0
../instances/STS4s;furini;true;guaranteed;true;false;17.649776935577393;17.661516848;0.015279553;5.271361894;11.486517955;17.516146156;0.089145962;true;./experiments_outputs/2020-07-08T19:53:19/jl_uQ8UsM
../instances/gcut3;none;true;guaranteed;false;false;0.900026798248291;0.909593795;NaN;NaN;NaN;NaN;0.226333724;true;./experiments_outputs/2020-07-08T19:53:19/jl_v0i3yl
../instances/STS4;furini;true;guaranteed;false;false;17.171711206436157;17.175456088;0.018406333;4.921276501;11.347496575;17.00664274;0.110849257;true;./experiments_outputs/2020-07-08T19:53:19/jl_v2S7LF
../instances/cgcut1;none;false;expected;false;false;0.05556201934814453;0.057059942;NaN;NaN;NaN;NaN;0.024113259;true;./experiments_outputs/2020-07-08T19:53:19/jl_vVPKhJ
../instances/A2;furini;true;guaranteed;true;false;1.977160930633545;1.982648598;0.003026858;0.103427357;1.489848321;1.682617612;0.263620841;true;./experiments_outputs/2020-07-08T19:53:19/jl_vag8CX
../instances/gcut7;none;false;expected;false;false;0.30827808380126953;0.316562503;NaN;NaN;NaN;NaN;0.254407121;true;./experiments_outputs/2020-07-08T19:53:19/jl_vbPm0v
../instances/W;furini;true;guaranteed;true;false;1.3378300666809082;1.338454505;NaN;0.029214254;1.249518778;1.310684687;NaN;true;./experiments_outputs/2020-07-08T19:53:19/jl_vzNRw2
../instances/STS2s;furini;true;guaranteed;true;false;6.617810010910034;6.627485902;0.009101052;1.441972811;4.525533036;6.501351854;0.080974506;true;./experiments_outputs/2020-07-08T19:53:19/jl_w3e7ZV
../instances/CHL6;furini;true;guaranteed;false;false;197.13333678245544;197.137486915;0.04890093;60.611530944;133.411086668;196.886616371;0.127483765;true;./experiments_outputs/2020-07-08T19:53:19/jl_w6Yxa7
../instances/A4;none;false;expected;false;false;22.93638277053833;22.976300017;NaN;NaN;NaN;NaN;22.702661281;true;./experiments_outputs/2020-07-08T19:53:19/jl_wDsiLd
../instances/gcut11;furini;true;guaranteed;false;false;1.207226037979126;1.210231955;0.002099194;0.101616492;0.93036829;1.126216166;0.057448874;true;./experiments_outputs/2020-07-08T19:53:19/jl_wdPPDd
../instances/Hchl8s;none;true;guaranteed;false;false;181.03960919380188;181.053597073;NaN;NaN;NaN;NaN;179.746216227;true;./experiments_outputs/2020-07-08T19:53:19/jl_whNgHz
../instances/Hchl9;furini;true;guaranteed;true;false;14.464493036270142;14.480748644;0.016419809;3.448877507;9.904633603;14.046100434;0.363267934;true;./experiments_outputs/2020-07-08T19:53:19/jl_whrpEx
../instances/gcut10;none;true;expected;false;false;0.057188987731933594;0.058819402;NaN;NaN;NaN;NaN;0.045428482;true;./experiments_outputs/2020-07-08T19:53:19/jl_x1BLTV
../instances/2;none;true;expected;false;false;0.5101668834686279;0.518254666;NaN;NaN;NaN;NaN;0.439023421;true;./experiments_outputs/2020-07-08T19:53:19/jl_x4bbEa
../instances/A1;none;true;expected;false;false;0.1588609218597412;0.163701557;NaN;NaN;NaN;NaN;0.129452422;true;./experiments_outputs/2020-07-08T19:53:19/jl_xZ5W4I
../instances/CHL5;furini;true;expected;false;true;0.9244389533996582;0.926323547;0.001372906;0.044482773;0.764616208;0.849562024;0.04661247;true;./experiments_outputs/2020-07-08T19:53:19/jl_xi5fX7
../instances/Hchl6s;none;true;expected;false;false;116.63530993461609;116.845554039;NaN;NaN;NaN;NaN;115.13563972;true;./experiments_outputs/2020-07-08T19:53:19/jl_xkvYXb
../instances/gcut12;none;false;expected;false;false;3.028831958770752;3.101641956;NaN;NaN;NaN;NaN;2.523935797;true;./experiments_outputs/2020-07-08T19:53:19/jl_xwrxB7
../instances/gcut5;none;true;guaranteed;false;false;0.5116300582885742;0.512751042;NaN;NaN;NaN;NaN;0.04944484;true;./experiments_outputs/2020-07-08T19:53:19/jl_xxFQl3
../instances/cgcut1;furini;true;expected;false;true;0.5394308567047119;0.540119248;NaN;0.009742923;0.497195135;0.515674262;NaN;true;./experiments_outputs/2020-07-08T19:53:19/jl_y2KIvD
../instances/3;none;true;expected;false;false;0.3207569122314453;0.324419421;NaN;NaN;NaN;NaN;0.299762863;true;./experiments_outputs/2020-07-08T19:53:19/jl_yT3I7q
../instances/gcut2;none;true;guaranteed;false;false;0.6096310615539551;0.612626844;NaN;NaN;NaN;NaN;0.07261683;true;./experiments_outputs/2020-07-08T19:53:19/jl_yUVzIB
../instances/OF1;none;false;expected;false;false;0.46959495544433594;0.476133607;NaN;NaN;NaN;NaN;0.411459779;true;./experiments_outputs/2020-07-08T19:53:19/jl_yW5YpH
../instances/CHL2;furini;true;expected;false;true;3.8320510387420654;3.850463072;0.027918981;0.620053602;1.205720802;2.359820345;1.367481628;true;./experiments_outputs/2020-07-08T19:53:19/jl_yX0Qrl
../instances/A2;none;true;expected;false;false;0.37685179710388184;0.382835651;NaN;NaN;NaN;NaN;0.341420552;true;./experiments_outputs/2020-07-08T19:53:19/jl_yy4s21
../instances/HH;none;false;expected;false;false;14.151163816452026;14.163166947;NaN;NaN;NaN;NaN;14.045951613;true;./experiments_outputs/2020-07-08T19:53:19/jl_zGdKj1
../instances/gcut2;furini;true;guaranteed;false;false;0.6716971397399902;0.672750099;0.000704425;0.026466613;0.586370248;0.65056238;0.013154322;true;./experiments_outputs/2020-07-08T19:53:19/jl_zb7U0i
../instances/CU1;none;true;guaranteed;false;false;2.0532469749450684;2.062936513;NaN;NaN;NaN;NaN;0.315033207;true;./experiments_outputs/2020-07-08T19:53:19/jl_zhFN91
../instances/okp1;furini;true;guaranteed;false;false;25.428884029388428;25.43826603;0.075161321;6.560958982;15.9559263;23.846057172;1.462416656;true;./experiments_outputs/2020-07-08T19:53:19/jl_zlvysS
../instances/Hchl7s;furini;true;guaranteed;true;false;1729.553913116455;1729.748810114;0.373073258;544.421815819;1160.825471457;1716.807586026;12.340232754;true;./experiments_outputs/2020-07-08T19:53:19/jl_zvOrYE
../instances/cgcut1;none;false;expected;false;true;0.05956101417541504;0.061049572;NaN;NaN;NaN;NaN;0.025974826;true;./experiments_outputs/2020-07-16T17:50:36/jl_0D4tNa
../instances/A3;none;false;expected;false;true;19.36103916168213;19.486756693;NaN;NaN;NaN;NaN;18.600511924;true;./experiments_outputs/2020-07-16T17:50:36/jl_0b23Tu
../instances/gcut2;none;false;expected;false;true;1725.1602489948273;1725.923532474;NaN;NaN;NaN;NaN;1720.326356225;true;./experiments_outputs/2020-07-16T17:50:36/jl_2LxKNr
../instances/W;none;false;expected;false;true;1.708981990814209;1.738948935;NaN;NaN;NaN;NaN;1.503796506;true;./experiments_outputs/2020-07-16T17:50:36/jl_2g9CqM
../instances/gcut9;none;false;expected;false;true;124.73460388183594;125.082395619;NaN;NaN;NaN;NaN;122.113749186;true;./experiments_outputs/2020-07-16T17:50:36/jl_47YsJJ
../instances/CHL2;none;false;expected;false;true;5.527215957641602;5.582354952;NaN;NaN;NaN;NaN;5.211618009;true;./experiments_outputs/2020-07-16T17:50:36/jl_50i8Wd
../instances/gcut5;none;false;expected;false;true;635.9443700313568;636.143487923;NaN;NaN;NaN;NaN;634.462795375;true;./experiments_outputs/2020-07-16T17:50:36/jl_5ffsH0
../instances/wang20;none;false;expected;false;true;1.8450820446014404;1.875898177;NaN;NaN;NaN;NaN;1.552686199;true;./experiments_outputs/2020-07-16T17:50:36/jl_70P4lL
../instances/gcut1;none;false;expected;false;true;0.4788839817047119;0.511712919;NaN;NaN;NaN;NaN;0.113226433;true;./experiments_outputs/2020-07-16T17:50:36/jl_83r9Zs
../instances/OF1;none;false;expected;false;true;3.6580522060394287;3.690975714;NaN;NaN;NaN;NaN;3.437762896;true;./experiments_outputs/2020-07-16T17:50:36/jl_A6hy1d
../instances/3s;none;false;expected;false;true;1.7170360088348389;1.748937539;NaN;NaN;NaN;NaN;1.49190792;true;./experiments_outputs/2020-07-16T17:50:36/jl_BkImBB
../instances/gcut8;none;false;expected;false;true;10813.541442871094;NaN;NaN;NaN;NaN;NaN;10729.102402178;false;./experiments_outputs/2020-07-16T17:50:36/jl_CNJMwD
../instances/HH;none;false;expected;false;true;10800.122549057007;NaN;NaN;NaN;NaN;NaN;10799.177331343;false;./experiments_outputs/2020-07-16T17:50:36/jl_CTFBz1
../instances/A2s;none;false;expected;false;true;4.294652938842773;4.354788798;NaN;NaN;NaN;NaN;3.992756848;true;./experiments_outputs/2020-07-16T17:50:36/jl_Ck3pF1
../instances/STS2;none;false;expected;false;true;16.799460887908936;16.918537716;NaN;NaN;NaN;NaN;16.091551528;true;./experiments_outputs/2020-07-16T17:50:36/jl_D1qImk
../instances/gcut10;none;false;expected;false;true;1.6390759944915771;1.664477218;NaN;NaN;NaN;NaN;1.406466726;true;./experiments_outputs/2020-07-16T17:50:36/jl_HCbkLN
../instances/okp5;none;false;expected;false;true;187.73620104789734;188.144489617;NaN;NaN;NaN;NaN;184.829584086;true;./experiments_outputs/2020-07-16T17:50:36/jl_IcBybB
../instances/Hchl4s;none;false;expected;false;true;10800.125283002853;NaN;NaN;NaN;NaN;NaN;10796.196006613;false;./experiments_outputs/2020-07-16T17:50:36/jl_K1KxKi
../instances/STS4;none;false;expected;false;true;128.89456510543823;129.305940679;NaN;NaN;NaN;NaN;126.26425339;true;./experiments_outputs/2020-07-16T17:50:36/jl_K35ohW
../instances/A1s;none;false;expected;false;true;2.550339937210083;2.592849524;NaN;NaN;NaN;NaN;2.288907474;true;./experiments_outputs/2020-07-16T17:50:36/jl_K7VrmK
../instances/STS4s;none;false;expected;false;true;111.11432600021362;111.528461392;NaN;NaN;NaN;NaN;107.993551563;true;./experiments_outputs/2020-07-16T17:50:36/jl_L6lbsI
../instances/CHL5;none;false;expected;false;true;0.23399686813354492;0.237468947;NaN;NaN;NaN;NaN;0.188822439;true;./experiments_outputs/2020-07-16T17:50:36/jl_LsWdpP
../instances/OF2;none;false;expected;false;true;3.2769808769226074;3.306332411;NaN;NaN;NaN;NaN;3.062793491;true;./experiments_outputs/2020-07-16T17:50:36/jl_MExq4U
../instances/okp2;none;false;expected;false;true;10800.065592050552;NaN;NaN;NaN;NaN;NaN;10797.849226107;false;./experiments_outputs/2020-07-16T17:50:36/jl_NmXnGQ
../instances/CW3;none;false;expected;false;true;5542.188396930695;5544.867365983;NaN;NaN;NaN;NaN;5520.164661543;true;./experiments_outputs/2020-07-16T17:50:36/jl_O5gnvt
../instances/A4;none;false;expected;false;true;56.09210205078125;56.323740206;NaN;NaN;NaN;NaN;55.00517712;true;./experiments_outputs/2020-07-16T17:50:36/jl_PfhLLZ
../instances/Hchl6s;none;false;expected;false;true;10802.47975897789;NaN;NaN;NaN;NaN;NaN;10761.027843955;false;./experiments_outputs/2020-07-16T17:50:36/jl_QuDqGb
../instances/CHL2s;none;false;expected;false;true;6.940457105636597;7.058388066;NaN;NaN;NaN;NaN;6.641230555;true;./experiments_outputs/2020-07-16T17:50:36/jl_T5FLnW
../instances/Hchl2;none;false;expected;false;true;950.2092339992523;951.111349237;NaN;NaN;NaN;NaN;944.11623522;true;./experiments_outputs/2020-07-16T17:50:36/jl_T601Mm
../instances/gcut12;none;false;expected;false;true;NaN;NaN;NaN;NaN;NaN;NaN;NaN;true;./experiments_outputs/2020-07-16T17:50:36/jl_TPADi4
../instances/CW1;none;false;expected;false;true;406.90375804901123;407.344763799;NaN;NaN;NaN;NaN;404.236094695;true;./experiments_outputs/2020-07-16T17:50:36/jl_UZAUQ0
../instances/okp4;none;false;expected;false;true;159.80165100097656;160.15652624;NaN;NaN;NaN;NaN;157.440461252;true;./experiments_outputs/2020-07-16T17:50:36/jl_UtL0d8
../instances/CHL1;none;false;expected;false;true;498.51465797424316;499.152593826;NaN;NaN;NaN;NaN;494.307408127;true;./experiments_outputs/2020-07-16T17:50:36/jl_XmtI7H
../instances/cgcut2;none;false;expected;false;true;4.903105974197388;4.949683334;NaN;NaN;NaN;NaN;4.607187436;true;./experiments_outputs/2020-07-16T17:50:36/jl_Y9dBda
../instances/gcut7;none;false;expected;false;true;10808.778976917267;NaN;NaN;NaN;NaN;NaN;10790.01347017;false;./experiments_outputs/2020-07-16T17:50:36/jl_ZRBbgb
../instances/CU1;none;false;expected;false;true;58.137232065200806;58.396496372;NaN;NaN;NaN;NaN;55.977986747;true;./experiments_outputs/2020-07-16T17:50:36/jl_aenNu2
../instances/Hchl9;none;false;expected;false;true;27.00696301460266;27.157803379;NaN;NaN;NaN;NaN;26.149524572;true;./experiments_outputs/2020-07-16T17:50:36/jl_axBQ4t
../instances/2s;none;false;expected;false;true;4.876763820648193;4.924929453;NaN;NaN;NaN;NaN;4.553259557;true;./experiments_outputs/2020-07-16T17:50:36/jl_c301Ny
../instances/okp1;none;false;expected;false;true;75.77331185340881;76.046714715;NaN;NaN;NaN;NaN;73.623724299;true;./experiments_outputs/2020-07-16T17:50:36/jl_cdXqdO
../instances/CU2;none;false;expected;false;true;385.1202530860901;385.969893535;NaN;NaN;NaN;NaN;378.805643768;true;./experiments_outputs/2020-07-16T17:50:36/jl_e6BSUK
../instances/STS2s;none;false;expected;false;true;14.265384912490845;14.381995739;NaN;NaN;NaN;NaN;13.543597183;true;./experiments_outputs/2020-07-16T17:50:36/jl_eYLpqw
../instances/CHL6;none;false;expected;false;true;439.520320892334;440.416159677;NaN;NaN;NaN;NaN;432.513460065;true;./experiments_outputs/2020-07-16T17:50:36/jl_f0mBDu
../instances/CHL7;none;false;expected;false;true;699.6307280063629;700.521912311;NaN;NaN;NaN;NaN;692.864469731;true;./experiments_outputs/2020-07-16T17:50:36/jl_hh5GN6
../instances/gcut3;none;false;expected;false;true;2796.0154440402985;2797.311279861;NaN;NaN;NaN;NaN;2787.792872451;true;./experiments_outputs/2020-07-16T17:50:36/jl_hyxN0t
../instances/3;none;false;expected;false;true;3.420820951461792;3.451236535;NaN;NaN;NaN;NaN;3.199526196;true;./experiments_outputs/2020-07-16T17:50:36/jl_iTrbTU
../instances/cgcut3;none;false;expected;false;true;3.4447741508483887;3.476590729;NaN;NaN;NaN;NaN;3.228808263;true;./experiments_outputs/2020-07-16T17:50:36/jl_k6L9No
../instances/CHL1s;none;false;expected;false;true;256.8986577987671;257.524613378;NaN;NaN;NaN;NaN;252.081073453;true;./experiments_outputs/2020-07-16T17:50:36/jl_kltFtJ
../instances/okp3;none;false;expected;false;true;10800.046280145645;NaN;NaN;NaN;NaN;NaN;10798.082402028;false;./experiments_outputs/2020-07-16T17:50:36/jl_naIN5h
../instances/Hchl7s;none;false;expected;false;true;10820.922813892365;NaN;NaN;NaN;NaN;NaN;10769.172610896;false;./experiments_outputs/2020-07-16T17:50:36/jl_onWKbQ
../instances/gcut4;none;false;expected;false;true;5687.298765897751;5689.638949885;NaN;NaN;NaN;NaN;5672.964036327;true;./experiments_outputs/2020-07-16T17:50:36/jl_pIyotv
../instances/A2;none;false;expected;false;true;8.606584787368774;8.664627865;NaN;NaN;NaN;NaN;8.311105923;true;./experiments_outputs/2020-07-16T17:50:36/jl_pYO13w
../instances/Hchl8s;none;false;expected;false;true;4998.723695039749;4998.740759635;NaN;NaN;NaN;NaN;4998.607400566;true;./experiments_outputs/2020-07-16T17:50:36/jl_rN6D6b
../instances/2;none;false;expected;false;true;4.881503105163574;4.951139437;NaN;NaN;NaN;NaN;4.551402967;true;./experiments_outputs/2020-07-16T17:50:36/jl_sO4WDQ
../instances/gcut6;none;false;expected;false;true;4787.791131019592;4788.962182695;NaN;NaN;NaN;NaN;4779.68595407;true;./experiments_outputs/2020-07-16T17:50:36/jl_uPhICL
../instances/A1;none;false;expected;false;true;2.553438901901245;2.590452325;NaN;NaN;NaN;NaN;2.304973445;true;./experiments_outputs/2020-07-16T17:50:36/jl_uV3hS9
../instances/Hchl3s;none;false;expected;false;true;953.921441078186;954.533657715;NaN;NaN;NaN;NaN;949.731779455;true;./experiments_outputs/2020-07-16T17:50:36/jl_v9ukPP
../instances/CW2;none;false;expected;false;true;1621.5044920444489;1622.278780933;NaN;NaN;NaN;NaN;1615.519287758;true;./experiments_outputs/2020-07-16T17:50:36/jl_vB7G6a
../instances/A5;none;false;expected;false;true;282.2008240222931;282.772599207;NaN;NaN;NaN;NaN;278.085448839;true;./experiments_outputs/2020-07-16T17:50:36/jl_vf1isb
../instances/gcut11;none;false;expected;false;true;NaN;NaN;NaN;NaN;NaN;NaN;NaN;true;./experiments_outputs/2020-07-16T17:50:36/jl_xEs9eX
../instances/Hchl8s;none;true;expected;false;true;2303.900243997574;2303.917326967;NaN;NaN;NaN;NaN;2303.6874773;true;./experiments_outputs/2020-07-20T10:42:27/jl_0NfWn0
../instances/CHL1;none;true;guaranteed;false;true;358.3212831020355;358.934328692;NaN;NaN;NaN;NaN;348.145099188;true;./experiments_outputs/2020-07-20T10:42:27/jl_0thUfU
../instances/OF1;none;true;guaranteed;false;true;3.043272018432617;3.073286646;NaN;NaN;NaN;NaN;1.42683182;true;./experiments_outputs/2020-07-20T10:42:27/jl_1b2B04
../instances/Hchl6s;none;true;expected;false;true;5292.542378902435;5296.877780088;NaN;NaN;NaN;NaN;5250.940143993;true;./experiments_outputs/2020-07-20T10:42:27/jl_4Vponj
../instances/CW1;none;true;expected;false;true;74.54905200004578;74.905200125;NaN;NaN;NaN;NaN;69.12279318;true;./experiments_outputs/2020-07-20T10:42:27/jl_4VxKH1
../instances/A4;none;true;expected;false;true;34.54688215255737;34.725443328;NaN;NaN;NaN;NaN;31.324921754;true;./experiments_outputs/2020-07-20T10:42:27/jl_4Z8dfg
../instances/CHL1;none;true;expected;false;true;432.91942405700684;433.549533395;NaN;NaN;NaN;NaN;424.292906131;true;./experiments_outputs/2020-07-20T10:42:27/jl_5Jmi5p
../instances/gcut12;none;true;expected;false;true;10817.690492868423;NaN;NaN;NaN;NaN;NaN;10617.378365751;false;./experiments_outputs/2020-07-20T10:42:27/jl_5XRjnE
../instances/Hchl9;none;true;guaranteed;false;true;27.208229064941406;27.338132657;NaN;NaN;NaN;NaN;22.6937111;true;./experiments_outputs/2020-07-20T10:42:27/jl_6ZnVgo
../instances/A2;none;true;guaranteed;false;true;6.802470922470093;6.845944047;NaN;NaN;NaN;NaN;4.713691087;true;./experiments_outputs/2020-07-20T10:42:27/jl_6fYH1N
../instances/STS2;none;true;expected;false;true;15.577989101409912;15.683570443;NaN;NaN;NaN;NaN;13.066493417;true;./experiments_outputs/2020-07-20T10:42:27/jl_77q8sE
../instances/Hchl7s;none;true;expected;false;true;10801.633162021637;NaN;NaN;NaN;NaN;NaN;10746.132896033;false;./experiments_outputs/2020-07-20T10:42:27/jl_7XL3RL
../instances/W;none;true;expected;false;true;1.6954760551452637;1.724296724;NaN;NaN;NaN;NaN;0.986728028;true;./experiments_outputs/2020-07-20T10:42:27/jl_7ufMVP
../instances/A2;none;true;expected;false;true;5.410665035247803;5.457799622;NaN;NaN;NaN;NaN;4.35778264;true;./experiments_outputs/2020-07-20T10:42:27/jl_A5lvsI
../instances/cgcut2;none;true;expected;false;true;4.890763998031616;4.933223308;NaN;NaN;NaN;NaN;3.601944013;true;./experiments_outputs/2020-07-20T10:42:27/jl_ABJLdy
../instances/Hchl6s;none;true;guaranteed;false;true;5446.7452800273895;5451.137949303;NaN;NaN;NaN;NaN;5399.778966669;true;./experiments_outputs/2020-07-20T10:42:27/jl_AlwVWL
../instances/okp1;none;true;guaranteed;false;true;42.0054669380188;42.299228038;NaN;NaN;NaN;NaN;36.153093646;true;./experiments_outputs/2020-07-20T10:42:27/jl_AsxnRz
../instances/okp4;none;true;guaranteed;false;true;65.82091498374939;66.11286401;NaN;NaN;NaN;NaN;59.552052525;true;./experiments_outputs/2020-07-20T10:42:27/jl_BIuqTs
../instances/cgcut3;none;true;guaranteed;false;true;4.206060886383057;4.23541118;NaN;NaN;NaN;NaN;2.372350166;true;./experiments_outputs/2020-07-20T10:42:27/jl_E2HAHn
../instances/STS2;none;true;guaranteed;false;true;17.171606063842773;17.27953551;NaN;NaN;NaN;NaN;12.999190986;true;./experiments_outputs/2020-07-20T10:42:27/jl_E5vES6
../instances/CHL2s;none;true;guaranteed;false;true;6.299982786178589;6.343786697;NaN;NaN;NaN;NaN;4.188231334;true;./experiments_outputs/2020-07-20T10:42:27/jl_Eb4HHA
../instances/HH;none;true;guaranteed;false;true;140.22179794311523;140.290993542;NaN;NaN;NaN;NaN;137.176624068;true;./experiments_outputs/2020-07-20T10:42:27/jl_G0syde
../instances/A1s;none;true;expected;false;true;2.182405948638916;2.218460404;NaN;NaN;NaN;NaN;1.263662084;true;./experiments_outputs/2020-07-20T10:42:27/jl_GAnRXq
../instances/A3;none;true;expected;false;true;14.749363899230957;14.861441808;NaN;NaN;NaN;NaN;12.008349744;true;./experiments_outputs/2020-07-20T10:42:27/jl_GTF6mu
../instances/STS4;none;true;expected;false;true;70.41903114318848;70.76341995;NaN;NaN;NaN;NaN;65.250849294;true;./experiments_outputs/2020-07-20T10:42:27/jl_HV4Kzl
../instances/gcut11;none;true;guaranteed;false;true;10492.483877897263;10505.814774156;NaN;NaN;NaN;NaN;10418.666381904;true;./experiments_outputs/2020-07-20T10:42:27/jl_HWjXpG
../instances/Hchl4s;none;true;expected;false;true;10800.112516880035;NaN;NaN;NaN;NaN;NaN;10792.778183912;false;./experiments_outputs/2020-07-20T10:42:27/jl_HfESSF
../instances/STS4s;none;true;expected;false;true;64.46009087562561;64.799135758;NaN;NaN;NaN;NaN;58.984010703;true;./experiments_outputs/2020-07-20T10:42:27/jl_HhWQB1
../instances/CU2;none;true;expected;false;true;127.06127405166626;127.837535264;NaN;NaN;NaN;NaN;116.29611549;true;./experiments_outputs/2020-07-20T10:42:27/jl_IjWByA
../instances/2;none;true;expected;false;true;4.852494955062866;4.894858813;NaN;NaN;NaN;NaN;3.614846842;true;./experiments_outputs/2020-07-20T10:42:27/jl_Irttb8
../instances/gcut10;none;true;expected;false;true;0.28133487701416016;0.287288536;NaN;NaN;NaN;NaN;0.216310272;true;./experiments_outputs/2020-07-20T10:42:27/jl_JJofXs
../instances/CHL5;none;true;guaranteed;false;true;0.8341209888458252;0.837524918;NaN;NaN;NaN;NaN;0.146481615;true;./experiments_outputs/2020-07-20T10:42:27/jl_JnpQzM
../instances/CHL7;none;true;guaranteed;false;true;329.7312641143799;330.600585699;NaN;NaN;NaN;NaN;315.359064484;true;./experiments_outputs/2020-07-20T10:42:27/jl_KhCDez
../instances/CW1;none;true;guaranteed;false;true;66.73643898963928;67.084111078;NaN;NaN;NaN;NaN;60.176027382;true;./experiments_outputs/2020-07-20T10:42:27/jl_L20WRD
../instances/2;none;true;guaranteed;false;true;6.548380136489868;6.590102056;NaN;NaN;NaN;NaN;3.955033784;true;./experiments_outputs/2020-07-20T10:42:27/jl_LK38At
../instances/Hchl3s;none;true;expected;false;true;469.45434284210205;470.026066433;NaN;NaN;NaN;NaN;462.091608699;true;./experiments_outputs/2020-07-20T10:42:27/jl_MNpcbs
../instances/CW3;none;true;guaranteed;false;true;1350.2809941768646;1352.633949807;NaN;NaN;NaN;NaN;1315.629127101;true;./experiments_outputs/2020-07-20T10:42:27/jl_MYAzJJ
../instances/OF2;none;true;guaranteed;false;true;2.891777992248535;2.917136889;NaN;NaN;NaN;NaN;1.443412957;true;./experiments_outputs/2020-07-20T10:42:27/jl_MdNwXZ
../instances/3s;none;true;expected;false;true;1.754910945892334;1.784289678;NaN;NaN;NaN;NaN;1.003783015;true;./experiments_outputs/2020-07-20T10:42:27/jl_NBAKR1
../instances/A5;none;true;expected;false;true;150.6233880519867;151.148630501;NaN;NaN;NaN;NaN;144.104646388;true;./experiments_outputs/2020-07-20T10:42:27/jl_NbXK1G
../instances/3s;none;true;guaranteed;false;true;3.190248966217041;3.219673964;NaN;NaN;NaN;NaN;1.086980857;true;./experiments_outputs/2020-07-20T10:42:27/jl_NjyRID
../instances/CW2;none;true;expected;false;true;393.36433482170105;394.129272799;NaN;NaN;NaN;NaN;382.708396175;true;./experiments_outputs/2020-07-20T10:42:27/jl_OLjZ4v
../instances/gcut7;none;true;guaranteed;false;true;243.18401503562927;244.434530848;NaN;NaN;NaN;NaN;232.674774475;true;./experiments_outputs/2020-07-20T10:42:27/jl_OXsP3v
../instances/gcut2;none;true;expected;false;true;44.518842935562134;44.925857582;NaN;NaN;NaN;NaN;41.925068268;true;./experiments_outputs/2020-07-20T10:42:27/jl_P0zI6t
../instances/A1;none;true;expected;false;true;2.21958589553833;2.256089747;NaN;NaN;NaN;NaN;1.338921397;true;./experiments_outputs/2020-07-20T10:42:27/jl_PCQCk3
../instances/Hchl2;none;true;expected;false;true;675.0919270515442;675.987252551;NaN;NaN;NaN;NaN;662.317180711;true;./experiments_outputs/2020-07-20T10:42:27/jl_PJCIru
../instances/CHL1s;none;true;guaranteed;false;true;190.1918671131134;190.811466291;NaN;NaN;NaN;NaN;178.79423051;true;./experiments_outputs/2020-07-20T10:42:27/jl_PQI2Nh
../instances/gcut9;none;true;guaranteed;false;true;2.1528220176696777;2.18146964;NaN;NaN;NaN;NaN;1.291261618;true;./experiments_outputs/2020-07-20T10:42:27/jl_PjdJDa
../instances/CU1;none;true;guaranteed;false;true;28.3508460521698;28.586071102;NaN;NaN;NaN;NaN;21.914380477;true;./experiments_outputs/2020-07-20T10:42:27/jl_QMdDpV
../instances/A2s;none;true;guaranteed;false;true;4.4653050899505615;4.509067377;NaN;NaN;NaN;NaN;2.048647105;true;./experiments_outputs/2020-07-20T10:42:27/jl_QT6NRM
../instances/gcut10;none;true;guaranteed;false;true;0.7986099720001221;0.804652493;NaN;NaN;NaN;NaN;0.206561168;true;./experiments_outputs/2020-07-20T10:42:27/jl_QTt52o
../instances/CU2;none;true;guaranteed;false;true;136.76328301429749;137.539809519;NaN;NaN;NaN;NaN;124.25389374;true;./experiments_outputs/2020-07-20T10:42:27/jl_Ru7FDE
../instances/gcut5;none;true;guaranteed;false;true;3.6585819721221924;3.680277982;NaN;NaN;NaN;NaN;2.842895654;true;./experiments_outputs/2020-07-20T10:42:27/jl_RzK9RZ
../instances/gcut5;none;true;expected;false;true;3.94675612449646;3.967756855;NaN;NaN;NaN;NaN;3.776165706;true;./experiments_outputs/2020-07-20T10:42:27/jl_SS2136
../instances/CHL6;none;true;expected;false;true;412.2498688697815;413.126294771;NaN;NaN;NaN;NaN;398.60043355;true;./experiments_outputs/2020-07-20T10:42:27/jl_SfPdkY
../instances/cgcut3;none;true;expected;false;true;3.2972540855407715;3.326815392;NaN;NaN;NaN;NaN;2.571888818;true;./experiments_outputs/2020-07-20T10:42:27/jl_SoEvCz
../instances/2s;none;true;expected;false;true;4.171170949935913;4.216605438;NaN;NaN;NaN;NaN;2.940209677;true;./experiments_outputs/2020-07-20T10:42:27/jl_U9X5LI
../instances/okp3;none;true;expected;false;true;9462.183787107468;9462.569557512;NaN;NaN;NaN;NaN;9459.471928213;true;./experiments_outputs/2020-07-20T10:42:27/jl_UQiObs
../instances/gcut8;none;true;guaranteed;false;true;8206.70962190628;8215.105994965;NaN;NaN;NaN;NaN;8148.810088897;true;./experiments_outputs/2020-07-20T10:42:27/jl_UWuLG3
../instances/CU1;none;true;expected;false;true;25.5289089679718;25.760369724;NaN;NaN;NaN;NaN;20.841796675;true;./experiments_outputs/2020-07-20T10:42:27/jl_UZC5zO
../instances/cgcut2;none;true;guaranteed;false;true;6.550334930419922;6.593020774;NaN;NaN;NaN;NaN;3.948699491;true;./experiments_outputs/2020-07-20T10:42:27/jl_VrQFKo
../instances/gcut4;none;true;guaranteed;false;true;901.7718360424042;903.796516659;NaN;NaN;NaN;NaN;886.647248864;true;./experiments_outputs/2020-07-20T10:42:27/jl_WISGmz
../instances/CHL1s;none;true;expected;false;true;187.47293901443481;188.103299079;NaN;NaN;NaN;NaN;178.842663138;true;./experiments_outputs/2020-07-20T10:42:27/jl_X0kdQE
../instances/A2s;none;true;expected;false;true;3.345928907394409;3.389935159;NaN;NaN;NaN;NaN;2.215451091;true;./experiments_outputs/2020-07-20T10:42:27/jl_XFCfhX
../instances/A4;none;true;guaranteed;false;true;35.99582600593567;36.176175856;NaN;NaN;NaN;NaN;31.819551857;true;./experiments_outputs/2020-07-20T10:42:27/jl_XvsRFz
../instances/Hchl3s;none;true;guaranteed;false;true;460.4695658683777;461.04150607;NaN;NaN;NaN;NaN;450.81585786;true;./experiments_outputs/2020-07-20T10:42:27/jl_Y9FF5V
../instances/gcut8;none;true;expected;false;true;8339.263916015625;8347.61394251;NaN;NaN;NaN;NaN;8283.874444601;true;./experiments_outputs/2020-07-20T10:42:27/jl_YOBVmd
../instances/Hchl4s;none;true;guaranteed;false;true;10800.11235499382;NaN;NaN;NaN;NaN;NaN;10790.888018785;false;./experiments_outputs/2020-07-20T10:42:27/jl_Z2Ib98
../instances/A1s;none;true;guaranteed;false;true;3.5697519779205322;3.606694088;NaN;NaN;NaN;NaN;1.336051507;true;./experiments_outputs/2020-07-20T10:42:27/jl_ZzhkD7
../instances/okp3;none;true;guaranteed;false;true;10800.067693948746;NaN;NaN;NaN;NaN;NaN;10796.698553867;false;./experiments_outputs/2020-07-20T10:42:27/jl_a3KZNq
../instances/gcut2;none;true;guaranteed;false;true;46.1477530002594;46.520450091;NaN;NaN;NaN;NaN;41.758463658;true;./experiments_outputs/2020-07-20T10:42:27/jl_aMJXTn
../instances/gcut1;none;true;expected;false;true;0.4166128635406494;0.437200828;NaN;NaN;NaN;NaN;0.03586273;true;./experiments_outputs/2020-07-20T10:42:27/jl_ahimTu
../instances/Hchl2;none;true;guaranteed;false;true;655.8462500572205;656.721621662;NaN;NaN;NaN;NaN;641.067920418;true;./experiments_outputs/2020-07-20T10:42:27/jl_as89HW
../instances/Hchl7s;none;true;guaranteed;false;true;10801.515587091446;NaN;NaN;NaN;NaN;NaN;10739.237698565;false;./experiments_outputs/2020-07-20T10:42:27/jl_cRJ2ty
../instances/gcut6;none;true;guaranteed;false;true;26.4706449508667;26.965356043;NaN;NaN;NaN;NaN;22.50152154;true;./experiments_outputs/2020-07-20T10:42:27/jl_caO7TB
../instances/Hchl8s;none;true;guaranteed;false;true;1620.9287729263306;1620.945952682;NaN;NaN;NaN;NaN;1619.485076013;true;./experiments_outputs/2020-07-20T10:42:27/jl_cdog16
../instances/gcut3;none;true;guaranteed;false;true;181.85878801345825;182.710892104;NaN;NaN;NaN;NaN;173.647430588;true;./experiments_outputs/2020-07-20T10:42:27/jl_d0jKR7
../instances/okp4;none;true;expected;false;true;65.28487610816956;65.626661627;NaN;NaN;NaN;NaN;59.990696649;true;./experiments_outputs/2020-07-20T10:42:27/jl_dHGW6N
../instances/okp5;none;true;expected;false;true;88.10310792922974;88.543072521;NaN;NaN;NaN;NaN;82.293444859;true;./experiments_outputs/2020-07-20T10:42:27/jl_dPHtei
../instances/okp2;none;true;expected;false;true;10800.057679891586;NaN;NaN;NaN;NaN;NaN;10796.878822339;false;./experiments_outputs/2020-07-20T10:42:27/jl_dWMAvU
../instances/gcut3;none;true;expected;false;true;170.97221612930298;171.812858289;NaN;NaN;NaN;NaN;165.597584391;true;./experiments_outputs/2020-07-20T10:42:27/jl_duB3pC
../instances/gcut11;none;true;expected;false;true;10016.039993047714;10029.399422509;NaN;NaN;NaN;NaN;9945.656881836;true;./experiments_outputs/2020-07-20T10:42:27/jl_enilBE
../instances/CHL7;none;true;expected;false;true;319.2845370769501;320.157152986;NaN;NaN;NaN;NaN;306.116927285;true;./experiments_outputs/2020-07-20T10:42:27/jl_fbSE9g
../instances/STS4;none;true;guaranteed;false;true;73.46248602867126;73.800067809;NaN;NaN;NaN;NaN;66.785255425;true;./experiments_outputs/2020-07-20T10:42:27/jl_fwL8nf
../instances/A1;none;true;guaranteed;false;true;3.4982149600982666;3.535077183;NaN;NaN;NaN;NaN;1.470295901;true;./experiments_outputs/2020-07-20T10:42:27/jl_hujU4P
../instances/STS4s;none;true;guaranteed;false;true;65.13460302352905;65.464346599;NaN;NaN;NaN;NaN;57.784447191;true;./experiments_outputs/2020-07-20T10:42:27/jl_iAYhGj
../instances/CHL2;none;true;expected;false;true;4.291093111038208;4.335735684;NaN;NaN;NaN;NaN;2.988522879;true;./experiments_outputs/2020-07-20T10:42:27/jl_iRpP96
../instances/A3;none;true;guaranteed;false;true;15.404002904891968;15.518865301;NaN;NaN;NaN;NaN;11.523935611;true;./experiments_outputs/2020-07-20T10:42:27/jl_jt7OUc
../instances/HH;none;true;expected;false;true;50.70189881324768;50.765881072;NaN;NaN;NaN;NaN;48.928523391;true;./experiments_outputs/2020-07-20T10:42:27/jl_jxqs5Z
../instances/cgcut1;none;true;expected;false;true;0.054843902587890625;0.056292933;NaN;NaN;NaN;NaN;0.022154393;true;./experiments_outputs/2020-07-20T10:42:27/jl_kFl7UL
../instances/gcut1;none;true;guaranteed;false;true;0.4611380100250244;0.462616047;NaN;NaN;NaN;NaN;0.034976461;true;./experiments_outputs/2020-07-20T10:42:27/jl_l7jNFR
../instances/CHL5;none;true;expected;false;true;0.23050189018249512;0.234007842;NaN;NaN;NaN;NaN;0.18306809;true;./experiments_outputs/2020-07-20T10:42:27/jl_lNpO3j
../instances/OF2;none;true;expected;false;true;2.1641769409179688;2.189597044;NaN;NaN;NaN;NaN;1.554835452;true;./experiments_outputs/2020-07-20T10:42:27/jl_ltC7K6
../instances/CW3;none;true;expected;false;true;1311.7794229984283;1314.16443773;NaN;NaN;NaN;NaN;1278.469198563;true;./experiments_outputs/2020-07-20T10:42:27/jl_meGDUK
../instances/W;none;true;guaranteed;false;true;2.944227933883667;2.972954769;NaN;NaN;NaN;NaN;1.053007203;true;./experiments_outputs/2020-07-20T10:42:27/jl_ngrab4
../instances/Hchl9;none;true;expected;false;true;25.928006887435913;26.047443705;NaN;NaN;NaN;NaN;22.762879928;true;./experiments_outputs/2020-07-20T10:42:27/jl_nhcWkn
../instances/CW2;none;true;guaranteed;false;true;476.0709888935089;476.824629078;NaN;NaN;NaN;NaN;464.233373345;true;./experiments_outputs/2020-07-20T10:42:27/jl_o28vJQ
../instances/wang20;none;true;expected;false;true;1.9439001083374023;1.973234757;NaN;NaN;NaN;NaN;1.010007995;true;./experiments_outputs/2020-07-20T10:42:27/jl_oFXR2C
../instances/OF1;none;true;expected;false;true;2.800740957260132;2.831348912;NaN;NaN;NaN;NaN;1.882524793;true;./experiments_outputs/2020-07-20T10:42:27/jl_oa4PIu
../instances/okp2;none;true;guaranteed;false;true;10800.376862049103;NaN;NaN;NaN;NaN;NaN;10796.709331172;false;./experiments_outputs/2020-07-20T10:42:27/jl_owI4vN
../instances/okp5;none;true;guaranteed;false;true;91.18942785263062;91.573432944;NaN;NaN;NaN;NaN;83.408851954;true;./experiments_outputs/2020-07-20T10:42:27/jl_pgDraF
../instances/2s;none;true;guaranteed;false;true;5.721950054168701;5.766571074;NaN;NaN;NaN;NaN;3.074474745;true;./experiments_outputs/2020-07-20T10:42:27/jl_qq8a5j
../instances/okp1;none;true;expected;false;true;40.576292991638184;40.83123054;NaN;NaN;NaN;NaN;36.003806202;true;./experiments_outputs/2020-07-20T10:42:27/jl_r2ZyyL
../instances/CHL2s;none;true;expected;false;true;5.54015588760376;5.584789563;NaN;NaN;NaN;NaN;4.203679869;true;./experiments_outputs/2020-07-20T10:42:27/jl_rAju3q
../instances/CHL2;none;true;guaranteed;false;true;5.350785970687866;5.395080594;NaN;NaN;NaN;NaN;3.522349974;true;./experiments_outputs/2020-07-20T10:42:27/jl_rYYlLD
../instances/STS2s;none;true;guaranteed;false;true;15.343097925186157;15.449938322;NaN;NaN;NaN;NaN;10.756556639;true;./experiments_outputs/2020-07-20T10:42:27/jl_rvcN8F
../instances/gcut6;none;true;expected;false;true;23.34644913673401;23.837470139;NaN;NaN;NaN;NaN;21.505942815;true;./experiments_outputs/2020-07-20T10:42:27/jl_s0jm8t
../instances/gcut9;none;true;expected;false;true;1.5058910846710205;1.533466198;NaN;NaN;NaN;NaN;1.295765414;true;./experiments_outputs/2020-07-20T10:42:27/jl_s1nqDi
../instances/STS2s;none;true;expected;false;true;13.97190809249878;14.079747918;NaN;NaN;NaN;NaN;11.270903511;true;./experiments_outputs/2020-07-20T10:42:27/jl_sb5AkE
../instances/cgcut1;none;true;guaranteed;false;true;0.5451240539550781;0.546650614;NaN;NaN;NaN;NaN;0.027040426;true;./experiments_outputs/2020-07-20T10:42:27/jl_shFeMJ
../instances/gcut12;none;true;guaranteed;false;true;10819.052348136902;NaN;NaN;NaN;NaN;NaN;10622.34975677;false;./experiments_outputs/2020-07-20T10:42:27/jl_ssC5Mq
../instances/wang20;none;true;guaranteed;false;true;3.0204219818115234;3.049759158;NaN;NaN;NaN;NaN;1.072649894;true;./experiments_outputs/2020-07-20T10:42:27/jl_vaOppi
../instances/3;none;true;guaranteed;false;true;4.220580816268921;4.250355114;NaN;NaN;NaN;NaN;2.376860471;true;./experiments_outputs/2020-07-20T10:42:27/jl_wzu0c3
../instances/CHL6;none;true;guaranteed;false;true;450.384397983551;451.254780627;NaN;NaN;NaN;NaN;433.900108664;true;./experiments_outputs/2020-07-20T10:42:27/jl_xfktqW
../instances/gcut7;none;true;expected;false;true;244.58194088935852;245.798131309;NaN;NaN;NaN;NaN;237.030454049;true;./experiments_outputs/2020-07-20T10:42:27/jl_yBuQZZ
../instances/3;none;true;expected;false;true;3.273289918899536;3.302826525;NaN;NaN;NaN;NaN;2.56697858;true;./experiments_outputs/2020-07-20T10:42:27/jl_yuEywv
../instances/gcut4;none;true;expected;false;true;899.1291551589966;901.086307577;NaN;NaN;NaN;NaN;887.247991507;true;./experiments_outputs/2020-07-20T10:42:27/jl_znCCdW
../instances/A5;none;true;guaranteed;false;true;146.74616694450378;147.264579842;NaN;NaN;NaN;NaN;138.317610234;true;./experiments_outputs/2020-07-20T10:42:27/jl_zxPnJF
