instance_name;pricing_method;disabled_redundant_cut;disabled_cut_position;qt_pevars_after_preprocess;qt_cmvars_after_preprocess;qt_plates_after_preprocess;qt_pevars_restricted;qt_cmvars_restricted;qt_plates_restricted;qt_pevars_priced_restricted;qt_cmvars_priced_restricted;qt_plates_priced_restricted;qt_pevars_before_iterated;qt_cmvars_before_iterated;qt_plates_before_iterated;qt_pevars_after_iterated;qt_cmvars_after_iterated;qt_plates_after_iterated;qt_pevars_after_final;qt_cmvars_after_final;qt_plates_after_final;qt_pevars_after_pricing;qt_cmvars_after_pricing;qt_plates_after_pricing;qt_pevars_after_purge;qt_cmvars_after_purge;qt_plates_after_purge;build_stop_reason;had_timeout;run_ended_by_exception;datafile
../instances/Hchl9;none;true;true;35;130703;3666;-1;-1;-1;-1;-1;-1;-1;-1;-1;-1;-1;-1;-1;-1;-1;35;130703;3666;35;130703;3666;BUILT_MODEL;false;false;./experiments_outputs/2020-07-31T21:24:07/jl_1UAoiV
../instances/A2;furini;false;false;20;47287;2276;20;13475;1061;20;13365;1061;20;36772;2276;20;36834;2276;20;23036;2276;20;23036;2276;20;20582;2125;BUILT_MODEL;false;false;./experiments_outputs/2020-07-31T21:24:07/jl_1X05qV
../instances/CU1;none;true;false;25;273832;7700;-1;-1;-1;-1;-1;-1;-1;-1;-1;-1;-1;-1;-1;-1;-1;25;273832;7700;25;273832;7700;BUILT_MODEL;false;false;./experiments_outputs/2020-07-31T21:24:07/jl_1ozikW
../instances/wang20;none;false;true;20;37275;1860;-1;-1;-1;-1;-1;-1;-1;-1;-1;-1;-1;-1;-1;-1;-1;20;37275;1860;20;37275;1860;BUILT_MODEL;false;false;./experiments_outputs/2020-07-31T21:24:07/jl_21d2uV
../instances/okp3;none;true;true;30;261044;8356;-1;-1;-1;-1;-1;-1;-1;-1;-1;-1;-1;-1;-1;-1;-1;30;261044;8356;30;261044;8356;BUILT_MODEL;false;false;./experiments_outputs/2020-07-31T21:24:07/jl_29tomY
../instances/STS4;none;false;true;20;348367;7224;-1;-1;-1;-1;-1;-1;-1;-1;-1;-1;-1;-1;-1;-1;-1;20;348367;7224;20;348367;7224;BUILT_MODEL;false;false;./experiments_outputs/2020-07-31T21:24:07/jl_3RTsTV
../instances/STS2;none;false;true;30;116893;3383;-1;-1;-1;-1;-1;-1;-1;-1;-1;-1;-1;-1;-1;-1;-1;30;116893;3383;30;116893;3383;BUILT_MODEL;false;false;./experiments_outputs/2020-07-31T21:24:07/jl_3qh6pW
../instances/cgcut2;none;false;false;10;48855;2017;-1;-1;-1;-1;-1;-1;-1;-1;-1;-1;-1;-1;-1;-1;-1;10;48855;2017;10;48855;2017;BUILT_MODEL;false;false;./experiments_outputs/2020-07-31T21:24:07/jl_3uldKX
../instances/CW2;none;true;false;35;737310;14664;-1;-1;-1;-1;-1;-1;-1;-1;-1;-1;-1;-1;-1;-1;-1;35;737310;14664;35;737310;14664;BUILT_MODEL;false;false;./experiments_outputs/2020-07-31T21:24:07/jl_41VkqV
../instances/CW2;none;false;false;35;697017;14664;-1;-1;-1;-1;-1;-1;-1;-1;-1;-1;-1;-1;-1;-1;-1;35;697017;14664;35;697017;14664;BUILT_MODEL;false;false;./experiments_outputs/2020-07-31T21:24:07/jl_4QJbDW
../instances/cgcut1;none;true;true;7;794;140;-1;-1;-1;-1;-1;-1;-1;-1;-1;-1;-1;-1;-1;-1;-1;7;794;140;7;794;140;BUILT_MODEL;false;false;./experiments_outputs/2020-07-31T21:24:07/jl_4QKvkZ
../instances/STS4s;furini;false;false;20;332980;7224;20;66378;4020;20;60749;4020;20;136820;7224;20;138097;7224;20;16982;7224;20;16982;7224;20;1887;1054;BUILT_MODEL;false;false;./experiments_outputs/2020-07-31T21:24:07/jl_4gTciW
../instances/OF1;none;false;false;10;34383;2098;-1;-1;-1;-1;-1;-1;-1;-1;-1;-1;-1;-1;-1;-1;-1;10;34383;2098;10;34383;2098;BUILT_MODEL;false;false;./experiments_outputs/2020-07-31T21:24:07/jl_4umWgZ
../instances/okp4;none;true;true;33;287740;9049;-1;-1;-1;-1;-1;-1;-1;-1;-1;-1;-1;-1;-1;-1;-1;33;287740;9049;33;287740;9049;BUILT_MODEL;false;false;./experiments_outputs/2020-07-31T21:24:07/jl_4zsIRX
../instances/Hchl8s;none;false;false;10;13149;896;-1;-1;-1;-1;-1;-1;-1;-1;-1;-1;-1;-1;-1;-1;-1;10;13149;896;10;13149;896;BUILT_MODEL;false;false;./experiments_outputs/2020-07-31T21:24:07/jl_5I3WcZ
../instances/Hchl3s;none;true;true;10;526393;9670;-1;-1;-1;-1;-1;-1;-1;-1;-1;-1;-1;-1;-1;-1;-1;10;526393;9670;10;526393;9670;BUILT_MODEL;false;false;./experiments_outputs/2020-07-31T21:24:07/jl_5Oi7OW
../instances/CHL7;none;false;true;35;823287;12594;-1;-1;-1;-1;-1;-1;-1;-1;-1;-1;-1;-1;-1;-1;-1;35;823287;12594;35;823287;12594;BUILT_MODEL;false;false;./experiments_outputs/2020-07-31T21:24:07/jl_6OBLvY
../instances/CHL2s;none;true;false;10;49247;2348;-1;-1;-1;-1;-1;-1;-1;-1;-1;-1;-1;-1;-1;-1;-1;10;49247;2348;10;49247;2348;BUILT_MODEL;false;false;./experiments_outputs/2020-07-31T21:24:07/jl_6biRpX
../instances/Hchl8s;none;false;true;10;13986;896;-1;-1;-1;-1;-1;-1;-1;-1;-1;-1;-1;-1;-1;-1;-1;10;13986;896;10;13986;896;BUILT_MODEL;false;false;./experiments_outputs/2020-07-31T21:24:07/jl_6fUf3X
../instances/Hchl2;none;false;true;35;819964;12594;-1;-1;-1;-1;-1;-1;-1;-1;-1;-1;-1;-1;-1;-1;-1;35;819964;12594;35;819964;12594;BUILT_MODEL;false;false;./experiments_outputs/2020-07-31T21:24:07/jl_7OkUgV
../instances/OF1;none;false;true;10;38158;2098;-1;-1;-1;-1;-1;-1;-1;-1;-1;-1;-1;-1;-1;-1;-1;10;38158;2098;10;38158;2098;BUILT_MODEL;false;false;./experiments_outputs/2020-07-31T21:24:07/jl_7WsRjY
../instances/OF2;none;true;true;10;37251;2110;-1;-1;-1;-1;-1;-1;-1;-1;-1;-1;-1;-1;-1;-1;-1;10;37251;2110;10;37251;2110;BUILT_MODEL;false;false;./experiments_outputs/2020-07-31T21:24:07/jl_7X8SiV
../instances/okp1;none;false;true;15;255322;7947;-1;-1;-1;-1;-1;-1;-1;-1;-1;-1;-1;-1;-1;-1;-1;15;255322;7947;15;255322;7947;BUILT_MODEL;false;false;./experiments_outputs/2020-07-31T21:24:07/jl_7XF0pW
../instances/STS4s;none;true;true;20;352570;7224;-1;-1;-1;-1;-1;-1;-1;-1;-1;-1;-1;-1;-1;-1;-1;20;352570;7224;20;352570;7224;BUILT_MODEL;false;false;./experiments_outputs/2020-07-31T21:24:07/jl_8RYqBZ
../instances/CHL1s;furini;false;false;30;519161;10402;30;138424;6556;30;129613;6556;30;250081;10402;30;251928;10402;30;115291;10402;30;115291;10402;30;82502;7506;BUILT_MODEL;false;false;./experiments_outputs/2020-07-31T21:24:07/jl_8WtnqY
../instances/CHL2;furini;false;false;10;48113;2348;10;9137;1060;10;7570;1060;10;24829;2348;10;25244;2348;10;17531;2348;10;17531;2348;10;14521;2032;BUILT_MODEL;false;false;./experiments_outputs/2020-07-31T21:24:07/jl_8bZFzW
../instances/CU1;none;false;true;25;319884;7700;-1;-1;-1;-1;-1;-1;-1;-1;-1;-1;-1;-1;-1;-1;-1;25;319884;7700;25;319884;7700;BUILT_MODEL;false;false;./experiments_outputs/2020-07-31T21:24:07/jl_8zKjGV
../instances/STS2s;none;false;true;30;116893;3383;-1;-1;-1;-1;-1;-1;-1;-1;-1;-1;-1;-1;-1;-1;-1;30;116893;3383;30;116893;3383;BUILT_MODEL;false;false;./experiments_outputs/2020-07-31T21:24:07/jl_A2js2Y
../instances/OF2;none;false;false;10;31632;2110;-1;-1;-1;-1;-1;-1;-1;-1;-1;-1;-1;-1;-1;-1;-1;10;31632;2110;10;31632;2110;BUILT_MODEL;false;false;./experiments_outputs/2020-07-31T21:24:07/jl_ADXb7X
../instances/wang20;none;true;false;20;33331;1860;-1;-1;-1;-1;-1;-1;-1;-1;-1;-1;-1;-1;-1;-1;-1;20;33331;1860;20;33331;1860;BUILT_MODEL;false;false;./experiments_outputs/2020-07-31T21:24:07/jl_AWeZCY
../instances/CW1;furini;false;false;25;338989;8407;25;53329;3413;25;53018;3413;25;180717;8407;25;184504;8407;25;118732;8407;25;118732;8407;25;100603;7356;BUILT_MODEL;false;false;./experiments_outputs/2020-07-31T21:24:07/jl_AXgdDV
../instances/A2s;none;false;true;20;58158;2276;-1;-1;-1;-1;-1;-1;-1;-1;-1;-1;-1;-1;-1;-1;-1;20;58158;2276;20;58158;2276;BUILT_MODEL;false;false;./experiments_outputs/2020-07-31T21:24:07/jl_BAR6AV
../instances/HH;none;false;false;5;135620;5486;-1;-1;-1;-1;-1;-1;-1;-1;-1;-1;-1;-1;-1;-1;-1;5;135620;5486;5;135620;5486;BUILT_MODEL;false;false;./experiments_outputs/2020-07-31T21:24:07/jl_BChNnY
../instances/okp5;none;false;true;29;368496;9506;-1;-1;-1;-1;-1;-1;-1;-1;-1;-1;-1;-1;-1;-1;-1;29;368496;9506;29;368496;9506;BUILT_MODEL;false;false;./experiments_outputs/2020-07-31T21:24:07/jl_BOuozV
../instances/CHL7;none;true;true;35;831849;12594;-1;-1;-1;-1;-1;-1;-1;-1;-1;-1;-1;-1;-1;-1;-1;35;831849;12594;35;831849;12594;BUILT_MODEL;false;false;./experiments_outputs/2020-07-31T21:24:07/jl_Baog5Y
../instances/Hchl4s;none;true;false;10;510183;9670;-1;-1;-1;-1;-1;-1;-1;-1;-1;-1;-1;-1;-1;-1;-1;10;510183;9670;10;510183;9670;BUILT_MODEL;false;false;./experiments_outputs/2020-07-31T21:24:07/jl_BeecMZ
../instances/Hchl4s;none;true;true;10;525892;9670;-1;-1;-1;-1;-1;-1;-1;-1;-1;-1;-1;-1;-1;-1;-1;10;525892;9670;10;525892;9670;BUILT_MODEL;false;false;./experiments_outputs/2020-07-31T21:24:07/jl_BtyszY
../instances/CHL2s;none;false;true;10;56303;2348;-1;-1;-1;-1;-1;-1;-1;-1;-1;-1;-1;-1;-1;-1;-1;10;56303;2348;10;56303;2348;BUILT_MODEL;false;false;./experiments_outputs/2020-07-31T21:24:07/jl_BvP0UW
../instances/cgcut1;furini;false;false;7;737;140;7;536;130;7;349;130;7;581;140;7;585;140;-1;-1;-1;-1;-1;-1;-1;-1;-1;FOUND_OPTIMUM;false;false;./experiments_outputs/2020-07-31T21:24:07/jl_BxrZxY
../instances/Hchl7s;none;true;true;40;5722577;46491;-1;-1;-1;-1;-1;-1;-1;-1;-1;-1;-1;-1;-1;-1;-1;40;5722577;46491;40;5722577;46491;BUILT_MODEL;false;false;./experiments_outputs/2020-07-31T21:24:07/jl_C6pvhV
../instances/A2s;none;false;false;20;47287;2276;-1;-1;-1;-1;-1;-1;-1;-1;-1;-1;-1;-1;-1;-1;-1;20;47287;2276;20;47287;2276;BUILT_MODEL;false;false;./experiments_outputs/2020-07-31T21:24:07/jl_CIenlY
../instances/STS2;none;true;true;30;118006;3383;-1;-1;-1;-1;-1;-1;-1;-1;-1;-1;-1;-1;-1;-1;-1;30;118006;3383;30;118006;3383;BUILT_MODEL;false;false;./experiments_outputs/2020-07-31T21:24:07/jl_CK1siW
../instances/Hchl3s;furini;false;false;10;506117;9670;10;66805;5712;10;65717;5712;10;124683;9670;10;128140;9670;10;199207;9670;10;199207;9670;10;185615;9197;BUILT_MODEL;false;false;./experiments_outputs/2020-07-31T21:24:07/jl_CRNbLX
../instances/CW2;none;false;true;35;832471;14664;-1;-1;-1;-1;-1;-1;-1;-1;-1;-1;-1;-1;-1;-1;-1;35;832471;14664;35;832471;14664;BUILT_MODEL;false;false;./experiments_outputs/2020-07-31T21:24:07/jl_CXUOEY
../instances/3s;none;true;false;20;33331;1860;-1;-1;-1;-1;-1;-1;-1;-1;-1;-1;-1;-1;-1;-1;-1;20;33331;1860;20;33331;1860;BUILT_MODEL;false;false;./experiments_outputs/2020-07-31T21:24:07/jl_CmUuIZ
../instances/OF1;furini;false;false;10;34383;2098;10;9192;1336;10;3925;1336;10;16563;2098;10;16727;2098;10;5926;2098;10;5926;2098;10;1405;518;BUILT_MODEL;false;false;./experiments_outputs/2020-07-31T21:24:07/jl_DI3sdX
../instances/Hchl3s;none;false;false;10;506117;9670;-1;-1;-1;-1;-1;-1;-1;-1;-1;-1;-1;-1;-1;-1;-1;10;506117;9670;10;506117;9670;BUILT_MODEL;false;false;./experiments_outputs/2020-07-31T21:24:07/jl_DeRWlW
../instances/A3;none;true;false;20;118989;3752;-1;-1;-1;-1;-1;-1;-1;-1;-1;-1;-1;-1;-1;-1;-1;20;118989;3752;20;118989;3752;BUILT_MODEL;false;false;./experiments_outputs/2020-07-31T21:24:07/jl_DirfcV
../instances/CHL7;none;true;false;35;780287;12594;-1;-1;-1;-1;-1;-1;-1;-1;-1;-1;-1;-1;-1;-1;-1;35;780287;12594;35;780287;12594;BUILT_MODEL;false;false;./experiments_outputs/2020-07-31T21:24:07/jl_DyW2CX
../instances/HH;none;true;true;5;141162;5486;-1;-1;-1;-1;-1;-1;-1;-1;-1;-1;-1;-1;-1;-1;-1;5;141162;5486;5;141162;5486;BUILT_MODEL;false;false;./experiments_outputs/2020-07-31T21:24:07/jl_E6mnbX
../instances/CHL1;none;false;false;30;519161;10402;-1;-1;-1;-1;-1;-1;-1;-1;-1;-1;-1;-1;-1;-1;-1;30;519161;10402;30;519161;10402;BUILT_MODEL;false;false;./experiments_outputs/2020-07-31T21:24:07/jl_EIMXsY
../instances/wang20;furini;false;false;20;32247;1860;20;10255;1065;20;4130;1065;20;23837;1860;20;23938;1860;-1;-1;-1;-1;-1;-1;-1;-1;-1;FOUND_OPTIMUM;false;false;./experiments_outputs/2020-07-31T21:24:07/jl_EkxsgX
../instances/okp5;furini;false;false;29;358577;9506;29;142410;9206;29;142325;9206;29;150413;9506;29;156877;9506;29;47667;9506;29;47667;9506;14;2360;745;BUILT_MODEL;false;false;./experiments_outputs/2020-07-31T21:24:07/jl_EubjjV
../instances/2;none;false;false;10;48855;2017;-1;-1;-1;-1;-1;-1;-1;-1;-1;-1;-1;-1;-1;-1;-1;10;48855;2017;10;48855;2017;BUILT_MODEL;false;false;./experiments_outputs/2020-07-31T21:24:07/jl_Fj8QzW
../instances/okp5;none;true;false;29;358581;9506;-1;-1;-1;-1;-1;-1;-1;-1;-1;-1;-1;-1;-1;-1;-1;29;358581;9506;29;358581;9506;BUILT_MODEL;false;false;./experiments_outputs/2020-07-31T21:24:07/jl_G2EYtV
../instances/A2s;furini;false;false;20;47287;2276;20;13475;1061;20;5927;1061;20;36772;2276;20;36937;2276;20;6773;2276;20;6773;2276;17;821;327;BUILT_MODEL;false;false;./experiments_outputs/2020-07-31T21:24:07/jl_GNiTLZ
../instances/CU2;none;false;false;35;716679;16068;-1;-1;-1;-1;-1;-1;-1;-1;-1;-1;-1;-1;-1;-1;-1;35;716679;16068;35;716679;16068;BUILT_MODEL;false;false;./experiments_outputs/2020-07-31T21:24:07/jl_GRSyBX
../instances/W;none;true;true;20;38465;1860;-1;-1;-1;-1;-1;-1;-1;-1;-1;-1;-1;-1;-1;-1;-1;20;38465;1860;20;38465;1860;BUILT_MODEL;false;false;./experiments_outputs/2020-07-31T21:24:07/jl_GVwYFY
../instances/cgcut3;furini;false;false;20;32395;1860;20;10237;1065;20;9690;1065;20;23329;1860;20;23494;1860;20;11405;1860;20;11405;1860;20;7622;1263;BUILT_MODEL;false;false;./experiments_outputs/2020-07-31T21:24:07/jl_GZURnV
../instances/CHL2;none;true;true;10;57557;2348;-1;-1;-1;-1;-1;-1;-1;-1;-1;-1;-1;-1;-1;-1;-1;10;57557;2348;10;57557;2348;BUILT_MODEL;false;false;./experiments_outputs/2020-07-31T21:24:07/jl_HiVnEW
../instances/cgcut2;furini;false;false;10;48855;2017;10;8981;1019;10;8876;1019;10;20177;2017;10;20606;2017;10;5462;2017;10;5462;2017;10;314;191;BUILT_MODEL;false;false;./experiments_outputs/2020-07-31T21:24:07/jl_HkFAxW
../instances/A2;none;true;true;20;61027;2276;-1;-1;-1;-1;-1;-1;-1;-1;-1;-1;-1;-1;-1;-1;-1;20;61027;2276;20;61027;2276;BUILT_MODEL;false;false;./experiments_outputs/2020-07-31T21:24:07/jl_HnBR0Y
../instances/A1s;none;false;true;20;44305;2040;-1;-1;-1;-1;-1;-1;-1;-1;-1;-1;-1;-1;-1;-1;-1;20;44305;2040;20;44305;2040;BUILT_MODEL;false;false;./experiments_outputs/2020-07-31T21:24:07/jl_HqWXMW
../instances/CU1;none;false;false;25;261418;7700;-1;-1;-1;-1;-1;-1;-1;-1;-1;-1;-1;-1;-1;-1;-1;25;261418;7700;25;261418;7700;BUILT_MODEL;false;false;./experiments_outputs/2020-07-31T21:24:07/jl_HuanoV
../instances/2;none;true;true;10;52580;2017;-1;-1;-1;-1;-1;-1;-1;-1;-1;-1;-1;-1;-1;-1;-1;10;52580;2017;10;52580;2017;BUILT_MODEL;false;false;./experiments_outputs/2020-07-31T21:24:07/jl_HvIIBZ
../instances/A3;none;false;true;20;129854;3752;-1;-1;-1;-1;-1;-1;-1;-1;-1;-1;-1;-1;-1;-1;-1;20;129854;3752;20;129854;3752;BUILT_MODEL;false;false;./experiments_outputs/2020-07-31T21:24:07/jl_I5nFdZ
../instances/okp2;none;false;false;30;262102;9506;-1;-1;-1;-1;-1;-1;-1;-1;-1;-1;-1;-1;-1;-1;-1;30;262102;9506;30;262102;9506;BUILT_MODEL;false;false;./experiments_outputs/2020-07-31T21:24:07/jl_I7lXfX
../instances/Hchl6s;none;true;true;22;4730207;44593;-1;-1;-1;-1;-1;-1;-1;-1;-1;-1;-1;-1;-1;-1;-1;22;4730207;44593;22;4730207;44593;BUILT_MODEL;false;false;./experiments_outputs/2020-07-31T21:24:07/jl_IML7bW
../instances/okp3;none;true;false;30;224281;8356;-1;-1;-1;-1;-1;-1;-1;-1;-1;-1;-1;-1;-1;-1;-1;30;224281;8356;30;224281;8356;BUILT_MODEL;false;false;./experiments_outputs/2020-07-31T21:24:07/jl_Ir0pFW
../instances/CHL1s;none;false;false;30;519161;10402;-1;-1;-1;-1;-1;-1;-1;-1;-1;-1;-1;-1;-1;-1;-1;30;519161;10402;30;519161;10402;BUILT_MODEL;false;false;./experiments_outputs/2020-07-31T21:24:07/jl_JFwNrZ
../instances/A1;furini;false;false;20;38730;2040;20;9683;984;20;9399;984;20;28339;2040;20;28464;2040;20;5224;2040;20;5224;2040;10;366;188;BUILT_MODEL;false;false;./experiments_outputs/2020-07-31T21:24:07/jl_JPHpZY
../instances/CHL7;none;false;false;35;772618;12594;-1;-1;-1;-1;-1;-1;-1;-1;-1;-1;-1;-1;-1;-1;-1;35;772618;12594;35;772618;12594;BUILT_MODEL;false;false;./experiments_outputs/2020-07-31T21:24:07/jl_JcirJZ
../instances/A5;none;false;false;20;469398;10402;-1;-1;-1;-1;-1;-1;-1;-1;-1;-1;-1;-1;-1;-1;-1;20;469398;10402;20;469398;10402;BUILT_MODEL;false;false;./experiments_outputs/2020-07-31T21:24:07/jl_JmK4sX
../instances/HH;none;true;false;5;137007;5486;-1;-1;-1;-1;-1;-1;-1;-1;-1;-1;-1;-1;-1;-1;-1;5;137007;5486;5;137007;5486;BUILT_MODEL;false;false;./experiments_outputs/2020-07-31T21:24:07/jl_JvvyCZ
../instances/CHL6;none;false;true;30;812493;13170;-1;-1;-1;-1;-1;-1;-1;-1;-1;-1;-1;-1;-1;-1;-1;30;812493;13170;30;812493;13170;BUILT_MODEL;false;false;./experiments_outputs/2020-07-31T21:24:07/jl_K1TOFY
../instances/HH;furini;false;false;5;135620;5486;5;8914;1600;5;8883;1600;5;37084;5486;5;47652;5486;5;109873;5486;5;109873;5486;5;107104;5417;BUILT_MODEL;false;false;./experiments_outputs/2020-07-31T21:24:07/jl_K75YwX
../instances/A5;none;false;true;20;490992;10402;-1;-1;-1;-1;-1;-1;-1;-1;-1;-1;-1;-1;-1;-1;-1;20;490992;10402;20;490992;10402;BUILT_MODEL;false;false;./experiments_outputs/2020-07-31T21:24:07/jl_KAa9GZ
../instances/CHL1s;none;true;true;30;548989;10402;-1;-1;-1;-1;-1;-1;-1;-1;-1;-1;-1;-1;-1;-1;-1;30;548989;10402;30;548989;10402;BUILT_MODEL;false;false;./experiments_outputs/2020-07-31T21:24:07/jl_KI8elY
../instances/3;none;true;true;20;38465;1860;-1;-1;-1;-1;-1;-1;-1;-1;-1;-1;-1;-1;-1;-1;-1;20;38465;1860;20;38465;1860;BUILT_MODEL;false;false;./experiments_outputs/2020-07-31T21:24:07/jl_KQxKQX
../instances/STS4;none;true;true;20;352570;7224;-1;-1;-1;-1;-1;-1;-1;-1;-1;-1;-1;-1;-1;-1;-1;20;352570;7224;20;352570;7224;BUILT_MODEL;false;false;./experiments_outputs/2020-07-31T21:24:07/jl_KkvKFX
../instances/okp2;none;false;true;30;289791;9506;-1;-1;-1;-1;-1;-1;-1;-1;-1;-1;-1;-1;-1;-1;-1;30;289791;9506;30;289791;9506;BUILT_MODEL;false;false;./experiments_outputs/2020-07-31T21:24:07/jl_KsKgkZ
../instances/STS4;none;true;false;20;337183;7224;-1;-1;-1;-1;-1;-1;-1;-1;-1;-1;-1;-1;-1;-1;-1;20;337183;7224;20;337183;7224;BUILT_MODEL;false;false;./experiments_outputs/2020-07-31T21:24:07/jl_Kt4fJX
../instances/okp1;none;false;false;15;250956;7947;-1;-1;-1;-1;-1;-1;-1;-1;-1;-1;-1;-1;-1;-1;-1;15;250956;7947;15;250956;7947;BUILT_MODEL;false;false;./experiments_outputs/2020-07-31T21:24:07/jl_KtIs8W
../instances/Hchl7s;none;false;false;40;5348838;46491;-1;-1;-1;-1;-1;-1;-1;-1;-1;-1;-1;-1;-1;-1;-1;40;5348838;46491;40;5348838;46491;BUILT_MODEL;false;false;./experiments_outputs/2020-07-31T21:24:07/jl_KyowSX
../instances/CHL6;none;false;false;30;776048;13170;-1;-1;-1;-1;-1;-1;-1;-1;-1;-1;-1;-1;-1;-1;-1;30;776048;13170;30;776048;13170;BUILT_MODEL;false;false;./experiments_outputs/2020-07-31T21:24:07/jl_LPg6BX
../instances/okp2;none;true;false;30;262106;9506;-1;-1;-1;-1;-1;-1;-1;-1;-1;-1;-1;-1;-1;-1;-1;30;262106;9506;30;262106;9506;BUILT_MODEL;false;false;./experiments_outputs/2020-07-31T21:24:07/jl_LielZV
../instances/Hchl7s;none;false;true;40;5657441;46491;-1;-1;-1;-1;-1;-1;-1;-1;-1;-1;-1;-1;-1;-1;-1;40;5657441;46491;40;5657441;46491;BUILT_MODEL;false;false;./experiments_outputs/2020-07-31T21:24:07/jl_Ln3YRV
../instances/Hchl2;furini;false;false;35;765481;12594;35;190914;7681;35;189510;7681;35;349966;12594;35;353826;12594;35;180162;12594;35;180162;12594;35;163305;11429;BUILT_MODEL;false;false;./experiments_outputs/2020-07-31T21:24:07/jl_LygOfZ
../instances/CHL1s;none;false;true;30;546548;10402;-1;-1;-1;-1;-1;-1;-1;-1;-1;-1;-1;-1;-1;-1;-1;30;546548;10402;30;546548;10402;BUILT_MODEL;false;false;./experiments_outputs/2020-07-31T21:24:07/jl_MK5hdZ
../instances/3s;none;false;false;20;32395;1860;-1;-1;-1;-1;-1;-1;-1;-1;-1;-1;-1;-1;-1;-1;-1;20;32395;1860;20;32395;1860;BUILT_MODEL;false;false;./experiments_outputs/2020-07-31T21:24:07/jl_MM7cKY
../instances/OF2;none;false;true;10;36527;2110;-1;-1;-1;-1;-1;-1;-1;-1;-1;-1;-1;-1;-1;-1;-1;10;36527;2110;10;36527;2110;BUILT_MODEL;false;false;./experiments_outputs/2020-07-31T21:24:07/jl_MSbkrY
../instances/A3;none;false;false;20;115152;3752;-1;-1;-1;-1;-1;-1;-1;-1;-1;-1;-1;-1;-1;-1;-1;20;115152;3752;20;115152;3752;BUILT_MODEL;false;false;./experiments_outputs/2020-07-31T21:24:07/jl_MaepOV
../instances/A3;none;true;true;20;134144;3752;-1;-1;-1;-1;-1;-1;-1;-1;-1;-1;-1;-1;-1;-1;-1;20;134144;3752;20;134144;3752;BUILT_MODEL;false;false;./experiments_outputs/2020-07-31T21:24:07/jl_Mc7MmZ
../instances/okp4;none;false;true;33;287601;9049;-1;-1;-1;-1;-1;-1;-1;-1;-1;-1;-1;-1;-1;-1;-1;33;287601;9049;33;287601;9049;BUILT_MODEL;false;false;./experiments_outputs/2020-07-31T21:24:07/jl_MvLg9U
../instances/CW2;furini;false;false;35;697017;14664;35;79602;4653;35;78293;4653;35;391588;14664;35;394532;14664;35;269496;14664;35;269496;14664;34;238402;13492;BUILT_MODEL;false;false;./experiments_outputs/2020-07-31T21:24:07/jl_N8cvdZ
../instances/CHL6;none;true;false;30;781121;13170;-1;-1;-1;-1;-1;-1;-1;-1;-1;-1;-1;-1;-1;-1;-1;30;781121;13170;30;781121;13170;BUILT_MODEL;false;false;./experiments_outputs/2020-07-31T21:24:07/jl_NLOx0Y
../instances/A1;none;true;true;20;45313;2040;-1;-1;-1;-1;-1;-1;-1;-1;-1;-1;-1;-1;-1;-1;-1;20;45313;2040;20;45313;2040;BUILT_MODEL;false;false;./experiments_outputs/2020-07-31T21:24:07/jl_NTA6GZ
../instances/A1s;none;true;false;20;39662;2040;-1;-1;-1;-1;-1;-1;-1;-1;-1;-1;-1;-1;-1;-1;-1;20;39662;2040;20;39662;2040;BUILT_MODEL;false;false;./experiments_outputs/2020-07-31T21:24:07/jl_Nas4NV
../instances/CHL5;none;false;true;10;2846;345;-1;-1;-1;-1;-1;-1;-1;-1;-1;-1;-1;-1;-1;-1;-1;10;2846;345;10;2846;345;BUILT_MODEL;false;false;./experiments_outputs/2020-07-31T21:24:07/jl_NjSsyV
../instances/2;none;true;false;10;49730;2017;-1;-1;-1;-1;-1;-1;-1;-1;-1;-1;-1;-1;-1;-1;-1;10;49730;2017;10;49730;2017;BUILT_MODEL;false;false;./experiments_outputs/2020-07-31T21:24:07/jl_NjsUDW
../instances/CW1;none;true;true;25;409979;8407;-1;-1;-1;-1;-1;-1;-1;-1;-1;-1;-1;-1;-1;-1;-1;25;409979;8407;25;409979;8407;BUILT_MODEL;false;false;./experiments_outputs/2020-07-31T21:24:07/jl_NtiExX
../instances/A2;none;false;true;20;58158;2276;-1;-1;-1;-1;-1;-1;-1;-1;-1;-1;-1;-1;-1;-1;-1;20;58158;2276;20;58158;2276;BUILT_MODEL;false;false;./experiments_outputs/2020-07-31T21:24:07/jl_O3c9aZ
../instances/CW2;none;true;true;35;884254;14664;-1;-1;-1;-1;-1;-1;-1;-1;-1;-1;-1;-1;-1;-1;-1;35;884254;14664;35;884254;14664;BUILT_MODEL;false;false;./experiments_outputs/2020-07-31T21:24:07/jl_OEvROZ
../instances/W;furini;false;false;20;32247;1860;20;10255;1065;20;4192;1065;20;23837;1860;20;24121;1860;-1;-1;-1;-1;-1;-1;-1;-1;-1;FOUND_OPTIMUM;false;false;./experiments_outputs/2020-07-31T21:24:07/jl_OVP0PV
../instances/Hchl9;none;false;true;35;129518;3666;-1;-1;-1;-1;-1;-1;-1;-1;-1;-1;-1;-1;-1;-1;-1;35;129518;3666;35;129518;3666;BUILT_MODEL;false;false;./experiments_outputs/2020-07-31T21:24:07/jl_PMQlSW
../instances/3;furini;false;false;20;32395;1860;20;10237;1065;20;9690;1065;20;23329;1860;20;23494;1860;20;11405;1860;20;11405;1860;20;7622;1263;BUILT_MODEL;false;false;./experiments_outputs/2020-07-31T21:24:07/jl_PVcrRY
../instances/Hchl6s;none;true;false;22;4273430;44593;-1;-1;-1;-1;-1;-1;-1;-1;-1;-1;-1;-1;-1;-1;-1;22;4273430;44593;22;4273430;44593;BUILT_MODEL;false;false;./experiments_outputs/2020-07-31T21:24:07/jl_PcCGIW
../instances/CU2;none;true;false;35;750644;16068;-1;-1;-1;-1;-1;-1;-1;-1;-1;-1;-1;-1;-1;-1;-1;35;750644;16068;35;750644;16068;BUILT_MODEL;false;false;./experiments_outputs/2020-07-31T21:24:07/jl_QZiJJX
../instances/A4;none;false;false;20;165154;4860;-1;-1;-1;-1;-1;-1;-1;-1;-1;-1;-1;-1;-1;-1;-1;20;165154;4860;20;165154;4860;BUILT_MODEL;false;false;./experiments_outputs/2020-07-31T21:24:07/jl_QdcfrX
../instances/okp3;none;false;true;30;260154;8356;-1;-1;-1;-1;-1;-1;-1;-1;-1;-1;-1;-1;-1;-1;-1;30;260154;8356;30;260154;8356;BUILT_MODEL;false;false;./experiments_outputs/2020-07-31T21:24:07/jl_RQFiRV
../instances/OF1;none;true;true;10;38598;2098;-1;-1;-1;-1;-1;-1;-1;-1;-1;-1;-1;-1;-1;-1;-1;10;38598;2098;10;38598;2098;BUILT_MODEL;false;false;./experiments_outputs/2020-07-31T21:24:07/jl_RcLB5X
../instances/Hchl9;none;true;false;35;119543;3666;-1;-1;-1;-1;-1;-1;-1;-1;-1;-1;-1;-1;-1;-1;-1;35;119543;3666;35;119543;3666;BUILT_MODEL;false;false;./experiments_outputs/2020-07-31T21:24:07/jl_Rnf7cY
../instances/CU1;furini;false;false;25;261418;7700;25;31549;2365;25;8839;2365;25;152050;7700;25;153902;7700;-1;-1;-1;-1;-1;-1;-1;-1;-1;FOUND_OPTIMUM;false;false;./experiments_outputs/2020-07-31T21:24:07/jl_Ro9iGV
../instances/okp3;furini;false;false;30;223702;8356;30;104323;7870;30;104323;7870;-1;-1;-1;-1;-1;-1;-1;-1;-1;-1;-1;-1;-1;-1;-1;NOT_REACHED;true;true;./experiments_outputs/2020-07-31T21:24:07/jl_SKA3tW
../instances/CHL2;none;false;false;10;48113;2348;-1;-1;-1;-1;-1;-1;-1;-1;-1;-1;-1;-1;-1;-1;-1;10;48113;2348;10;48113;2348;BUILT_MODEL;false;false;./experiments_outputs/2020-07-31T21:24:07/jl_STWwKZ
../instances/CHL2s;none;false;false;10;48113;2348;-1;-1;-1;-1;-1;-1;-1;-1;-1;-1;-1;-1;-1;-1;-1;10;48113;2348;10;48113;2348;BUILT_MODEL;false;false;./experiments_outputs/2020-07-31T21:24:07/jl_SbvpkY
../instances/3;none;false;true;20;37514;1860;-1;-1;-1;-1;-1;-1;-1;-1;-1;-1;-1;-1;-1;-1;-1;20;37514;1860;20;37514;1860;BUILT_MODEL;false;false;./experiments_outputs/2020-07-31T21:24:07/jl_SgQKVW
../instances/CHL5;furini;false;false;10;2498;345;10;1578;325;10;1535;325;10;1704;345;10;1716;345;10;1086;345;10;1086;345;10;715;235;BUILT_MODEL;false;false;./experiments_outputs/2020-07-31T21:24:07/jl_SjTdFX
../instances/Hchl8s;none;true;false;10;13150;896;-1;-1;-1;-1;-1;-1;-1;-1;-1;-1;-1;-1;-1;-1;-1;10;13150;896;10;13150;896;BUILT_MODEL;false;false;./experiments_outputs/2020-07-31T21:24:07/jl_SjrBgW
../instances/3s;furini;false;false;20;32395;1860;20;10237;1065;20;6001;1065;20;23329;1860;20;23521;1860;-1;-1;-1;-1;-1;-1;-1;-1;-1;FOUND_OPTIMUM;false;false;./experiments_outputs/2020-07-31T21:24:07/jl_THhEQW
../instances/OF2;furini;false;false;10;31632;2110;10;5828;921;10;4949;921;10;17745;2110;10;17910;2110;10;9040;2110;10;9040;2110;10;2788;741;BUILT_MODEL;false;false;./experiments_outputs/2020-07-31T21:24:07/jl_TMU4FV
../instances/okp2;furini;false;false;30;262102;9506;30;128553;9206;30;128553;9206;-1;-1;-1;-1;-1;-1;-1;-1;-1;-1;-1;-1;-1;-1;-1;NOT_REACHED;true;true;./experiments_outputs/2020-07-31T21:24:07/jl_TvUAiZ
../instances/HH;none;false;true;5;139772;5486;-1;-1;-1;-1;-1;-1;-1;-1;-1;-1;-1;-1;-1;-1;-1;5;139772;5486;5;139772;5486;BUILT_MODEL;false;false;./experiments_outputs/2020-07-31T21:24:07/jl_UBMXvW
../instances/CHL6;furini;false;false;30;776048;13170;30;191773;8187;30;178083;8187;30;344225;13170;30;346995;13170;30;38943;13170;30;38943;13170;30;6876;2987;BUILT_MODEL;false;false;./experiments_outputs/2020-07-31T21:24:07/jl_VAPpVV
../instances/A2s;none;true;true;20;61027;2276;-1;-1;-1;-1;-1;-1;-1;-1;-1;-1;-1;-1;-1;-1;-1;20;61027;2276;20;61027;2276;BUILT_MODEL;false;false;./experiments_outputs/2020-07-31T21:24:07/jl_VIKkPV
../instances/CHL2;none;true;false;10;49247;2348;-1;-1;-1;-1;-1;-1;-1;-1;-1;-1;-1;-1;-1;-1;-1;10;49247;2348;10;49247;2348;BUILT_MODEL;false;false;./experiments_outputs/2020-07-31T21:24:07/jl_VIOiNW
../instances/okp1;furini;false;false;15;250956;7947;15;77462;7926;15;71903;7926;15;77807;7947;15;82666;7947;15;92481;7947;15;92481;7947;14;29860;2800;BUILT_MODEL;false;false;./experiments_outputs/2020-07-31T21:24:07/jl_VLyLPY
../instances/STS4s;none;false;true;20;348367;7224;-1;-1;-1;-1;-1;-1;-1;-1;-1;-1;-1;-1;-1;-1;-1;20;348367;7224;20;348367;7224;BUILT_MODEL;false;false;./experiments_outputs/2020-07-31T21:24:07/jl_VVXogY
../instances/A2s;none;true;false;20;49755;2276;-1;-1;-1;-1;-1;-1;-1;-1;-1;-1;-1;-1;-1;-1;-1;20;49755;2276;20;49755;2276;BUILT_MODEL;false;false;./experiments_outputs/2020-07-31T21:24:07/jl_VytuJV
../instances/CU1;none;true;true;25;335390;7700;-1;-1;-1;-1;-1;-1;-1;-1;-1;-1;-1;-1;-1;-1;-1;25;335390;7700;25;335390;7700;BUILT_MODEL;false;false;./experiments_outputs/2020-07-31T21:24:07/jl_VzdZjX
../instances/2s;none;false;false;10;48855;2017;-1;-1;-1;-1;-1;-1;-1;-1;-1;-1;-1;-1;-1;-1;-1;10;48855;2017;10;48855;2017;BUILT_MODEL;false;false;./experiments_outputs/2020-07-31T21:24:07/jl_W0k3nY
../instances/Hchl4s;none;false;false;10;505815;9670;-1;-1;-1;-1;-1;-1;-1;-1;-1;-1;-1;-1;-1;-1;-1;10;505815;9670;10;505815;9670;BUILT_MODEL;false;false;./experiments_outputs/2020-07-31T21:24:07/jl_WB7fOV
../instances/STS2;furini;false;false;30;105735;3383;30;42994;2181;30;39544;2181;30;76194;3383;30;76504;3383;30;23019;3383;30;23019;3383;30;15427;2451;BUILT_MODEL;false;false;./experiments_outputs/2020-07-31T21:24:07/jl_WMLczX
../instances/STS2s;furini;false;false;30;105735;3383;30;42994;2181;30;27105;2181;30;76194;3383;30;76362;3383;30;9873;3383;30;9873;3383;30;2747;1147;BUILT_MODEL;false;false;./experiments_outputs/2020-07-31T21:24:07/jl_WesAkX
../instances/A1s;none;false;false;20;38730;2040;-1;-1;-1;-1;-1;-1;-1;-1;-1;-1;-1;-1;-1;-1;-1;20;38730;2040;20;38730;2040;BUILT_MODEL;false;false;./experiments_outputs/2020-07-31T21:24:07/jl_X94wdY
../instances/STS2s;none;false;false;30;105735;3383;-1;-1;-1;-1;-1;-1;-1;-1;-1;-1;-1;-1;-1;-1;-1;30;105735;3383;30;105735;3383;BUILT_MODEL;false;false;./experiments_outputs/2020-07-31T21:24:07/jl_XNcujX
../instances/CW3;none;false;false;40;2329788;33224;-1;-1;-1;-1;-1;-1;-1;-1;-1;-1;-1;-1;-1;-1;-1;40;2329788;33224;40;2329788;33224;BUILT_MODEL;false;false;./experiments_outputs/2020-07-31T21:24:07/jl_Xly6iW
../instances/A5;furini;false;false;20;469398;10402;20;73596;5644;20;70343;5644;20;160569;10402;20;162977;10402;20;92743;10402;20;92743;10402;20;72026;7848;BUILT_MODEL;false;false;./experiments_outputs/2020-07-31T21:24:07/jl_XneigW
../instances/STS4;furini;false;false;20;332980;7224;20;66378;4020;20;62617;4020;20;136820;7224;20;138854;7224;20;34447;7224;20;34447;7224;20;10834;2870;BUILT_MODEL;false;false;./experiments_outputs/2020-07-31T21:24:07/jl_XxkftV
../instances/CW3;none;false;true;40;2644210;33224;-1;-1;-1;-1;-1;-1;-1;-1;-1;-1;-1;-1;-1;-1;-1;40;2644210;33224;40;2644210;33224;BUILT_MODEL;false;false;./experiments_outputs/2020-07-31T21:24:07/jl_YUysGW
../instances/Hchl2;none;true;true;35;828526;12594;-1;-1;-1;-1;-1;-1;-1;-1;-1;-1;-1;-1;-1;-1;-1;35;828526;12594;35;828526;12594;BUILT_MODEL;false;false;./experiments_outputs/2020-07-31T21:24:07/jl_YYeWkY
../instances/Hchl9;none;false;false;35;118571;3666;-1;-1;-1;-1;-1;-1;-1;-1;-1;-1;-1;-1;-1;-1;-1;35;118571;3666;35;118571;3666;BUILT_MODEL;false;false;./experiments_outputs/2020-07-31T21:24:07/jl_Yu02VX
../instances/CHL5;none;true;false;10;2500;345;-1;-1;-1;-1;-1;-1;-1;-1;-1;-1;-1;-1;-1;-1;-1;10;2500;345;10;2500;345;BUILT_MODEL;false;false;./experiments_outputs/2020-07-31T21:24:07/jl_YymFHW
../instances/CU2;furini;false;false;35;716679;16068;35;94218;5365;35;36266;5365;35;429741;16068;35;434385;16068;-1;-1;-1;-1;-1;-1;-1;-1;-1;FOUND_OPTIMUM;false;false;./experiments_outputs/2020-07-31T21:24:07/jl_Z5UN8W
../instances/CHL2;none;false;true;10;56303;2348;-1;-1;-1;-1;-1;-1;-1;-1;-1;-1;-1;-1;-1;-1;-1;10;56303;2348;10;56303;2348;BUILT_MODEL;false;false;./experiments_outputs/2020-07-31T21:24:07/jl_ZDFXzX
../instances/okp4;none;false;false;33;271535;9049;-1;-1;-1;-1;-1;-1;-1;-1;-1;-1;-1;-1;-1;-1;-1;33;271535;9049;33;271535;9049;BUILT_MODEL;false;false;./experiments_outputs/2020-07-31T21:24:07/jl_ZIc1cZ
../instances/okp3;none;false;false;30;223702;8356;-1;-1;-1;-1;-1;-1;-1;-1;-1;-1;-1;-1;-1;-1;-1;30;223702;8356;30;223702;8356;BUILT_MODEL;false;false;./experiments_outputs/2020-07-31T21:24:07/jl_ZmHnlY
../instances/A1s;furini;false;false;20;38730;2040;20;9683;984;-1;-1;-1;20;28339;2040;20;28452;2040;-1;-1;-1;-1;-1;-1;-1;-1;-1;FOUND_OPTIMUM;false;false;./experiments_outputs/2020-07-31T21:24:07/jl_Zq4i8Y
../instances/wang20;none;true;true;20;38465;1860;-1;-1;-1;-1;-1;-1;-1;-1;-1;-1;-1;-1;-1;-1;-1;20;38465;1860;20;38465;1860;BUILT_MODEL;false;false;./experiments_outputs/2020-07-31T21:24:07/jl_ZxBdQY
../instances/A3;furini;false;false;20;115152;3752;20;27617;1862;20;17164;1862;20;66106;3752;20;66707;3752;20;23504;3752;20;23504;3752;20;13006;2465;BUILT_MODEL;false;false;./experiments_outputs/2020-07-31T21:24:07/jl_ZxZHlW
../instances/Hchl6s;furini;false;false;22;4202385;44593;22;379312;18370;22;343075;18370;22;1104524;44593;22;1141736;44593;22;347286;44593;22;347286;44593;22;165276;23844;BUILT_MODEL;false;false;./experiments_outputs/2020-07-31T21:24:07/jl_Zz5byY
../instances/CHL1;none;true;false;30;521599;10402;-1;-1;-1;-1;-1;-1;-1;-1;-1;-1;-1;-1;-1;-1;-1;30;521599;10402;30;521599;10402;BUILT_MODEL;false;false;./experiments_outputs/2020-07-31T21:24:07/jl_adhzUV
../instances/CW1;none;true;false;25;353959;8407;-1;-1;-1;-1;-1;-1;-1;-1;-1;-1;-1;-1;-1;-1;-1;25;353959;8407;25;353959;8407;BUILT_MODEL;false;false;./experiments_outputs/2020-07-31T21:24:07/jl_apFctY
../instances/W;none;true;false;20;33331;1860;-1;-1;-1;-1;-1;-1;-1;-1;-1;-1;-1;-1;-1;-1;-1;20;33331;1860;20;33331;1860;BUILT_MODEL;false;false;./experiments_outputs/2020-07-31T21:24:07/jl_awv26Y
../instances/CU2;none;true;true;35;951854;16068;-1;-1;-1;-1;-1;-1;-1;-1;-1;-1;-1;-1;-1;-1;-1;35;951854;16068;35;951854;16068;BUILT_MODEL;false;false;./experiments_outputs/2020-07-31T21:24:07/jl_az3oNY
../instances/cgcut2;none;true;false;10;49730;2017;-1;-1;-1;-1;-1;-1;-1;-1;-1;-1;-1;-1;-1;-1;-1;10;49730;2017;10;49730;2017;BUILT_MODEL;false;false;./experiments_outputs/2020-07-31T21:24:07/jl_b6bY8W
../instances/okp1;none;true;false;15;250982;7947;-1;-1;-1;-1;-1;-1;-1;-1;-1;-1;-1;-1;-1;-1;-1;15;250982;7947;15;250982;7947;BUILT_MODEL;false;false;./experiments_outputs/2020-07-31T21:24:07/jl_bVRtJX
../instances/CHL7;furini;false;false;35;772618;12594;35;191048;7681;35;175584;7681;35;349113;12594;35;350416;12594;35;137141;12594;35;137141;12594;35;64947;7253;BUILT_MODEL;false;false;./experiments_outputs/2020-07-31T21:24:07/jl_bhmxJX
../instances/Hchl8s;furini;false;false;10;13149;896;10;6501;847;10;6501;847;10;7023;896;10;7023;896;10;13149;896;10;13149;896;10;13149;896;BUILT_MODEL;false;false;./experiments_outputs/2020-07-31T21:24:07/jl_cmX7jX
../instances/A1;none;false;false;20;38730;2040;-1;-1;-1;-1;-1;-1;-1;-1;-1;-1;-1;-1;-1;-1;-1;20;38730;2040;20;38730;2040;BUILT_MODEL;false;false;./experiments_outputs/2020-07-31T21:24:07/jl_d2rTwV
../instances/STS4s;none;true;false;20;337183;7224;-1;-1;-1;-1;-1;-1;-1;-1;-1;-1;-1;-1;-1;-1;-1;20;337183;7224;20;337183;7224;BUILT_MODEL;false;false;./experiments_outputs/2020-07-31T21:24:07/jl_dKqUfZ
../instances/Hchl4s;none;false;true;10;521524;9670;-1;-1;-1;-1;-1;-1;-1;-1;-1;-1;-1;-1;-1;-1;-1;10;521524;9670;10;521524;9670;BUILT_MODEL;false;false;./experiments_outputs/2020-07-31T21:24:07/jl_dYrCMW
../instances/CHL1;none;true;true;30;548989;10402;-1;-1;-1;-1;-1;-1;-1;-1;-1;-1;-1;-1;-1;-1;-1;30;548989;10402;30;548989;10402;BUILT_MODEL;false;false;./experiments_outputs/2020-07-31T21:24:07/jl_e2yXrV
../instances/Hchl2;none;true;false;35;773150;12594;-1;-1;-1;-1;-1;-1;-1;-1;-1;-1;-1;-1;-1;-1;-1;35;773150;12594;35;773150;12594;BUILT_MODEL;false;false;./experiments_outputs/2020-07-31T21:24:07/jl_enBNZY
../instances/A2;none;false;false;20;47287;2276;-1;-1;-1;-1;-1;-1;-1;-1;-1;-1;-1;-1;-1;-1;-1;20;47287;2276;20;47287;2276;BUILT_MODEL;false;false;./experiments_outputs/2020-07-31T21:24:07/jl_f3gY1W
../instances/Hchl2;none;false;false;35;765481;12594;-1;-1;-1;-1;-1;-1;-1;-1;-1;-1;-1;-1;-1;-1;-1;35;765481;12594;35;765481;12594;BUILT_MODEL;false;false;./experiments_outputs/2020-07-31T21:24:07/jl_fCjkRV
../instances/A4;furini;false;false;20;165154;4860;20;48428;3000;20;46423;3000;20;90213;4860;20;91067;4860;20;45444;4860;20;45444;4860;20;39852;4264;BUILT_MODEL;false;false;./experiments_outputs/2020-07-31T21:24:07/jl_fCrc9V
../instances/2s;none;false;true;10;51585;2017;-1;-1;-1;-1;-1;-1;-1;-1;-1;-1;-1;-1;-1;-1;-1;10;51585;2017;10;51585;2017;BUILT_MODEL;false;false;./experiments_outputs/2020-07-31T21:24:07/jl_g00gGV
../instances/3s;none;true;true;20;38465;1860;-1;-1;-1;-1;-1;-1;-1;-1;-1;-1;-1;-1;-1;-1;-1;20;38465;1860;20;38465;1860;BUILT_MODEL;false;false;./experiments_outputs/2020-07-31T21:24:07/jl_g19hJZ
../instances/STS4s;none;false;false;20;332980;7224;-1;-1;-1;-1;-1;-1;-1;-1;-1;-1;-1;-1;-1;-1;-1;20;332980;7224;20;332980;7224;BUILT_MODEL;false;false;./experiments_outputs/2020-07-31T21:24:07/jl_glBj4V
../instances/cgcut2;none;false;true;10;51585;2017;-1;-1;-1;-1;-1;-1;-1;-1;-1;-1;-1;-1;-1;-1;-1;10;51585;2017;10;51585;2017;BUILT_MODEL;false;false;./experiments_outputs/2020-07-31T21:24:07/jl_gs7HUV
../instances/A4;none;false;true;20;178749;4860;-1;-1;-1;-1;-1;-1;-1;-1;-1;-1;-1;-1;-1;-1;-1;20;178749;4860;20;178749;4860;BUILT_MODEL;false;false;./experiments_outputs/2020-07-31T21:24:07/jl_gtdtwY
../instances/CW1;none;false;false;25;338989;8407;-1;-1;-1;-1;-1;-1;-1;-1;-1;-1;-1;-1;-1;-1;-1;25;338989;8407;25;338989;8407;BUILT_MODEL;false;false;./experiments_outputs/2020-07-31T21:24:07/jl_h552GX
../instances/Hchl3s;none;true;false;10;510560;9670;-1;-1;-1;-1;-1;-1;-1;-1;-1;-1;-1;-1;-1;-1;-1;10;510560;9670;10;510560;9670;BUILT_MODEL;false;false;./experiments_outputs/2020-07-31T21:24:07/jl_hmzRVW
../instances/A1;none;false;true;20;44305;2040;-1;-1;-1;-1;-1;-1;-1;-1;-1;-1;-1;-1;-1;-1;-1;20;44305;2040;20;44305;2040;BUILT_MODEL;false;false;./experiments_outputs/2020-07-31T21:24:07/jl_hpHZqW
../instances/Hchl8s;none;true;true;10;13987;896;-1;-1;-1;-1;-1;-1;-1;-1;-1;-1;-1;-1;-1;-1;-1;10;13987;896;10;13987;896;BUILT_MODEL;false;false;./experiments_outputs/2020-07-31T21:24:07/jl_i6StHZ
../instances/STS4;none;false;false;20;332980;7224;-1;-1;-1;-1;-1;-1;-1;-1;-1;-1;-1;-1;-1;-1;-1;20;332980;7224;20;332980;7224;BUILT_MODEL;false;false;./experiments_outputs/2020-07-31T21:24:07/jl_iHrDhX
../instances/Hchl6s;none;false;true;22;4650487;44593;-1;-1;-1;-1;-1;-1;-1;-1;-1;-1;-1;-1;-1;-1;-1;22;4650487;44593;22;4650487;44593;BUILT_MODEL;false;false;./experiments_outputs/2020-07-31T21:24:07/jl_iRr7ZW
../instances/Hchl6s;none;false;false;22;4202385;44593;-1;-1;-1;-1;-1;-1;-1;-1;-1;-1;-1;-1;-1;-1;-1;22;4202385;44593;22;4202385;44593;BUILT_MODEL;false;false;./experiments_outputs/2020-07-31T21:24:07/jl_ii78KZ
../instances/wang20;none;false;false;20;32247;1860;-1;-1;-1;-1;-1;-1;-1;-1;-1;-1;-1;-1;-1;-1;-1;20;32247;1860;20;32247;1860;BUILT_MODEL;false;false;./experiments_outputs/2020-07-31T21:24:07/jl_jKo9jV
../instances/3s;none;false;true;20;37514;1860;-1;-1;-1;-1;-1;-1;-1;-1;-1;-1;-1;-1;-1;-1;-1;20;37514;1860;20;37514;1860;BUILT_MODEL;false;false;./experiments_outputs/2020-07-31T21:24:07/jl_jLsMWV
../instances/STS2;none;true;false;30;106707;3383;-1;-1;-1;-1;-1;-1;-1;-1;-1;-1;-1;-1;-1;-1;-1;30;106707;3383;30;106707;3383;BUILT_MODEL;false;false;./experiments_outputs/2020-07-31T21:24:07/jl_k0LGDZ
../instances/CU2;none;false;true;35;905100;16068;-1;-1;-1;-1;-1;-1;-1;-1;-1;-1;-1;-1;-1;-1;-1;35;905100;16068;35;905100;16068;BUILT_MODEL;false;false;./experiments_outputs/2020-07-31T21:24:07/jl_k0faNV
../instances/STS2;none;false;false;30;105735;3383;-1;-1;-1;-1;-1;-1;-1;-1;-1;-1;-1;-1;-1;-1;-1;30;105735;3383;30;105735;3383;BUILT_MODEL;false;false;./experiments_outputs/2020-07-31T21:24:07/jl_kJj5jZ
../instances/cgcut3;none;false;true;20;37514;1860;-1;-1;-1;-1;-1;-1;-1;-1;-1;-1;-1;-1;-1;-1;-1;20;37514;1860;20;37514;1860;BUILT_MODEL;false;false;./experiments_outputs/2020-07-31T21:24:07/jl_kUqIFW
../instances/CW3;none;true;false;40;2496278;33224;-1;-1;-1;-1;-1;-1;-1;-1;-1;-1;-1;-1;-1;-1;-1;40;2496278;33224;40;2496278;33224;BUILT_MODEL;false;false;./experiments_outputs/2020-07-31T21:24:07/jl_kbUuLY
../instances/OF1;none;true;false;10;34812;2098;-1;-1;-1;-1;-1;-1;-1;-1;-1;-1;-1;-1;-1;-1;-1;10;34812;2098;10;34812;2098;BUILT_MODEL;false;false;./experiments_outputs/2020-07-31T21:24:07/jl_l9qBqV
../instances/CW3;furini;false;false;40;2329788;33224;40;189407;9246;40;188497;9246;40;1170291;33224;40;1196845;33224;40;430243;33224;40;430243;33224;40;213849;18651;BUILT_MODEL;false;false;./experiments_outputs/2020-07-31T21:24:07/jl_lxAYlV
../instances/CW1;none;false;true;25;392155;8407;-1;-1;-1;-1;-1;-1;-1;-1;-1;-1;-1;-1;-1;-1;-1;25;392155;8407;25;392155;8407;BUILT_MODEL;false;false;./experiments_outputs/2020-07-31T21:24:07/jl_m3UipZ
../instances/2;furini;false;false;10;48855;2017;10;8981;1019;10;8876;1019;10;20177;2017;10;20606;2017;10;5462;2017;10;5462;2017;10;314;191;BUILT_MODEL;false;false;./experiments_outputs/2020-07-31T21:24:07/jl_mjEK5W
../instances/Hchl9;furini;false;false;35;118571;3666;35;53374;2499;35;52971;2499;35;88731;3666;35;88952;3666;35;18898;3666;35;18898;3666;35;9564;2125;BUILT_MODEL;false;false;./experiments_outputs/2020-07-31T21:24:07/jl_mvGjiV
../instances/Hchl3s;none;false;true;10;521950;9670;-1;-1;-1;-1;-1;-1;-1;-1;-1;-1;-1;-1;-1;-1;-1;10;521950;9670;10;521950;9670;BUILT_MODEL;false;false;./experiments_outputs/2020-07-31T21:24:07/jl_nMHXXW
../instances/cgcut3;none;true;false;20;33331;1860;-1;-1;-1;-1;-1;-1;-1;-1;-1;-1;-1;-1;-1;-1;-1;20;33331;1860;20;33331;1860;BUILT_MODEL;false;false;./experiments_outputs/2020-07-31T21:24:07/jl_nR9yiY
../instances/okp5;none;false;false;29;358577;9506;-1;-1;-1;-1;-1;-1;-1;-1;-1;-1;-1;-1;-1;-1;-1;29;358577;9506;29;358577;9506;BUILT_MODEL;false;false;./experiments_outputs/2020-07-31T21:24:07/jl_nUQVlY
../instances/STS2s;none;true;true;30;118006;3383;-1;-1;-1;-1;-1;-1;-1;-1;-1;-1;-1;-1;-1;-1;-1;30;118006;3383;30;118006;3383;BUILT_MODEL;false;false;./experiments_outputs/2020-07-31T21:24:07/jl_nW6sGY
../instances/STS2s;none;true;false;30;106707;3383;-1;-1;-1;-1;-1;-1;-1;-1;-1;-1;-1;-1;-1;-1;-1;30;106707;3383;30;106707;3383;BUILT_MODEL;false;false;./experiments_outputs/2020-07-31T21:24:07/jl_ndsrEV
../instances/Hchl4s;furini;false;false;10;505815;9670;10;66805;5712;10;66720;5712;10;124683;9670;10;128464;9670;10;383380;9670;10;383380;9670;10;372654;9517;BUILT_MODEL;false;false;./experiments_outputs/2020-07-31T21:24:07/jl_ngWj2W
../instances/A4;none;true;true;20;179739;4860;-1;-1;-1;-1;-1;-1;-1;-1;-1;-1;-1;-1;-1;-1;-1;20;179739;4860;20;179739;4860;BUILT_MODEL;false;false;./experiments_outputs/2020-07-31T21:24:07/jl_nu0xAX
../instances/2s;none;true;true;10;52580;2017;-1;-1;-1;-1;-1;-1;-1;-1;-1;-1;-1;-1;-1;-1;-1;10;52580;2017;10;52580;2017;BUILT_MODEL;false;false;./experiments_outputs/2020-07-31T21:24:07/jl_o011EY
../instances/A2;none;true;false;20;49755;2276;-1;-1;-1;-1;-1;-1;-1;-1;-1;-1;-1;-1;-1;-1;-1;20;49755;2276;20;49755;2276;BUILT_MODEL;false;false;./experiments_outputs/2020-07-31T21:24:07/jl_o7xoxZ
../instances/A5;none;true;false;20;472838;10402;-1;-1;-1;-1;-1;-1;-1;-1;-1;-1;-1;-1;-1;-1;-1;20;472838;10402;20;472838;10402;BUILT_MODEL;false;false;./experiments_outputs/2020-07-31T21:24:07/jl_ow5IoZ
../instances/CHL2s;none;true;true;10;57557;2348;-1;-1;-1;-1;-1;-1;-1;-1;-1;-1;-1;-1;-1;-1;-1;10;57557;2348;10;57557;2348;BUILT_MODEL;false;false;./experiments_outputs/2020-07-31T21:24:07/jl_p3I0kX
../instances/Hchl7s;none;true;false;40;5412573;46491;-1;-1;-1;-1;-1;-1;-1;-1;-1;-1;-1;-1;-1;-1;-1;40;5412573;46491;40;5412573;46491;BUILT_MODEL;false;false;./experiments_outputs/2020-07-31T21:24:07/jl_pHfQGY
../instances/okp1;none;true;true;15;255482;7947;-1;-1;-1;-1;-1;-1;-1;-1;-1;-1;-1;-1;-1;-1;-1;15;255482;7947;15;255482;7947;BUILT_MODEL;false;false;./experiments_outputs/2020-07-31T21:24:07/jl_pgSRyW
../instances/cgcut3;none;false;false;20;32395;1860;-1;-1;-1;-1;-1;-1;-1;-1;-1;-1;-1;-1;-1;-1;-1;20;32395;1860;20;32395;1860;BUILT_MODEL;false;false;./experiments_outputs/2020-07-31T21:24:07/jl_piq0bX
../instances/cgcut2;none;true;true;10;52580;2017;-1;-1;-1;-1;-1;-1;-1;-1;-1;-1;-1;-1;-1;-1;-1;10;52580;2017;10;52580;2017;BUILT_MODEL;false;false;./experiments_outputs/2020-07-31T21:24:07/jl_pkDB5Y
../instances/A5;none;true;true;20;494435;10402;-1;-1;-1;-1;-1;-1;-1;-1;-1;-1;-1;-1;-1;-1;-1;20;494435;10402;20;494435;10402;BUILT_MODEL;false;false;./experiments_outputs/2020-07-31T21:24:07/jl_pmFozW
../instances/CHL5;none;true;true;10;2848;345;-1;-1;-1;-1;-1;-1;-1;-1;-1;-1;-1;-1;-1;-1;-1;10;2848;345;10;2848;345;BUILT_MODEL;false;false;./experiments_outputs/2020-07-31T21:24:07/jl_poXc1V
../instances/2;none;false;true;10;51585;2017;-1;-1;-1;-1;-1;-1;-1;-1;-1;-1;-1;-1;-1;-1;-1;10;51585;2017;10;51585;2017;BUILT_MODEL;false;false;./experiments_outputs/2020-07-31T21:24:07/jl_q0vWoW
../instances/cgcut1;none;false;false;7;737;140;-1;-1;-1;-1;-1;-1;-1;-1;-1;-1;-1;-1;-1;-1;-1;7;737;140;7;737;140;BUILT_MODEL;false;false;./experiments_outputs/2020-07-31T21:24:07/jl_qHq3dW
../instances/cgcut1;none;false;true;7;789;140;-1;-1;-1;-1;-1;-1;-1;-1;-1;-1;-1;-1;-1;-1;-1;7;789;140;7;789;140;BUILT_MODEL;false;false;./experiments_outputs/2020-07-31T21:24:07/jl_qKEI9W
../instances/3;none;true;false;20;33331;1860;-1;-1;-1;-1;-1;-1;-1;-1;-1;-1;-1;-1;-1;-1;-1;20;33331;1860;20;33331;1860;BUILT_MODEL;false;false;./experiments_outputs/2020-07-31T21:24:07/jl_rbsE4Y
../instances/CHL2s;furini;false;false;10;48113;2348;10;9137;1060;10;7554;1060;10;24829;2348;10;25235;2348;10;18222;2348;10;18222;2348;10;15326;2034;BUILT_MODEL;false;false;./experiments_outputs/2020-07-31T21:24:07/jl_riHnvZ
../instances/W;none;false;true;20;37275;1860;-1;-1;-1;-1;-1;-1;-1;-1;-1;-1;-1;-1;-1;-1;-1;20;37275;1860;20;37275;1860;BUILT_MODEL;false;false;./experiments_outputs/2020-07-31T21:24:07/jl_rzSyMY
../instances/okp2;none;true;true;30;289795;9506;-1;-1;-1;-1;-1;-1;-1;-1;-1;-1;-1;-1;-1;-1;-1;30;289795;9506;30;289795;9506;BUILT_MODEL;false;false;./experiments_outputs/2020-07-31T21:24:07/jl_rzeSQW
../instances/A4;none;true;false;20;166120;4860;-1;-1;-1;-1;-1;-1;-1;-1;-1;-1;-1;-1;-1;-1;-1;20;166120;4860;20;166120;4860;BUILT_MODEL;false;false;./experiments_outputs/2020-07-31T21:24:07/jl_sXmEFV
../instances/CHL1s;none;true;false;30;521599;10402;-1;-1;-1;-1;-1;-1;-1;-1;-1;-1;-1;-1;-1;-1;-1;30;521599;10402;30;521599;10402;BUILT_MODEL;false;false;./experiments_outputs/2020-07-31T21:24:07/jl_sgGpOX
../instances/cgcut1;none;true;false;7;742;140;-1;-1;-1;-1;-1;-1;-1;-1;-1;-1;-1;-1;-1;-1;-1;7;742;140;7;742;140;BUILT_MODEL;false;false;./experiments_outputs/2020-07-31T21:24:07/jl_shEcjX
../instances/A1s;none;true;true;20;45313;2040;-1;-1;-1;-1;-1;-1;-1;-1;-1;-1;-1;-1;-1;-1;-1;20;45313;2040;20;45313;2040;BUILT_MODEL;false;false;./experiments_outputs/2020-07-31T21:24:07/jl_sjDJ0V
../instances/2s;none;true;false;10;49730;2017;-1;-1;-1;-1;-1;-1;-1;-1;-1;-1;-1;-1;-1;-1;-1;10;49730;2017;10;49730;2017;BUILT_MODEL;false;false;./experiments_outputs/2020-07-31T21:24:07/jl_tHO1qZ
../instances/Hchl7s;furini;false;false;40;5348838;46491;40;896910;25239;40;806817;25239;40;1894252;46491;-1;-1;-1;-1;-1;-1;-1;-1;-1;-1;-1;-1;NOT_REACHED;true;true;./experiments_outputs/2020-07-31T21:24:07/jl_tqfMWY
../instances/CHL1;none;false;true;30;546548;10402;-1;-1;-1;-1;-1;-1;-1;-1;-1;-1;-1;-1;-1;-1;-1;30;546548;10402;30;546548;10402;BUILT_MODEL;false;false;./experiments_outputs/2020-07-31T21:24:07/jl_u2e8vX
../instances/3;none;false;false;20;32395;1860;-1;-1;-1;-1;-1;-1;-1;-1;-1;-1;-1;-1;-1;-1;-1;20;32395;1860;20;32395;1860;BUILT_MODEL;false;false;./experiments_outputs/2020-07-31T21:24:07/jl_vMF4vY
../instances/CHL1;furini;false;false;30;519161;10402;30;138424;6556;30;138400;6556;30;250081;10402;30;254724;10402;30;302929;10402;30;302929;10402;30;297530;10095;BUILT_MODEL;false;false;./experiments_outputs/2020-07-31T21:24:07/jl_vgO1TY
../instances/okp4;furini;false;false;33;271535;9049;33;123664;9039;33;123664;9039;33;123972;9049;33;125760;9049;33;26072;9049;33;26072;9049;16;3020;1053;BUILT_MODEL;false;false;./experiments_outputs/2020-07-31T21:24:07/jl_w5SHzY
../instances/2s;furini;false;false;10;48855;2017;10;8981;1019;10;8889;1019;10;20177;2017;10;20989;2017;10;8838;2017;10;8838;2017;10;1289;390;BUILT_MODEL;false;false;./experiments_outputs/2020-07-31T21:24:07/jl_wEyeNV
../instances/CHL6;none;true;true;30;817574;13170;-1;-1;-1;-1;-1;-1;-1;-1;-1;-1;-1;-1;-1;-1;-1;30;817574;13170;30;817574;13170;BUILT_MODEL;false;false;./experiments_outputs/2020-07-31T21:24:07/jl_wTw91V
../instances/CHL5;none;false;false;10;2498;345;-1;-1;-1;-1;-1;-1;-1;-1;-1;-1;-1;-1;-1;-1;-1;10;2498;345;10;2498;345;BUILT_MODEL;false;false;./experiments_outputs/2020-07-31T21:24:07/jl_xNSuGY
../instances/cgcut3;none;true;true;20;38465;1860;-1;-1;-1;-1;-1;-1;-1;-1;-1;-1;-1;-1;-1;-1;-1;20;38465;1860;20;38465;1860;BUILT_MODEL;false;false;./experiments_outputs/2020-07-31T21:24:07/jl_xsrHyV
../instances/CW3;none;true;true;40;2837822;33224;-1;-1;-1;-1;-1;-1;-1;-1;-1;-1;-1;-1;-1;-1;-1;40;2837822;33224;40;2837822;33224;BUILT_MODEL;false;false;./experiments_outputs/2020-07-31T21:24:07/jl_y4n8aW
../instances/okp4;none;true;false;33;271671;9049;-1;-1;-1;-1;-1;-1;-1;-1;-1;-1;-1;-1;-1;-1;-1;33;271671;9049;33;271671;9049;BUILT_MODEL;false;false;./experiments_outputs/2020-07-31T21:24:07/jl_y6dtCX
../instances/A1;none;true;false;20;39662;2040;-1;-1;-1;-1;-1;-1;-1;-1;-1;-1;-1;-1;-1;-1;-1;20;39662;2040;20;39662;2040;BUILT_MODEL;false;false;./experiments_outputs/2020-07-31T21:24:07/jl_yImEnY
../instances/W;none;false;false;20;32247;1860;-1;-1;-1;-1;-1;-1;-1;-1;-1;-1;-1;-1;-1;-1;-1;20;32247;1860;20;32247;1860;BUILT_MODEL;false;false;./experiments_outputs/2020-07-31T21:24:07/jl_yWvV0W
../instances/okp5;none;true;true;29;368500;9506;-1;-1;-1;-1;-1;-1;-1;-1;-1;-1;-1;-1;-1;-1;-1;29;368500;9506;29;368500;9506;BUILT_MODEL;false;false;./experiments_outputs/2020-07-31T21:24:07/jl_ys59NX
../instances/OF2;none;true;false;10;32336;2110;-1;-1;-1;-1;-1;-1;-1;-1;-1;-1;-1;-1;-1;-1;-1;10;32336;2110;10;32336;2110;BUILT_MODEL;false;false;./experiments_outputs/2020-07-31T21:24:07/jl_zn46uW
../instances/gcut7;none;false;true;30;3846460;100800;-1;-1;-1;-1;-1;-1;-1;-1;-1;-1;-1;-1;-1;-1;-1;30;3846460;100800;30;3846460;100800;BUILT_MODEL;false;false;./experiments_outputs/2020-08-03T18:32:40/jl_0CeGax
../instances/gcut10;none;false;true;20;2387311;138062;-1;-1;-1;-1;-1;-1;-1;-1;-1;-1;-1;-1;-1;-1;-1;20;2387311;138062;20;2387311;138062;BUILT_MODEL;false;false;./experiments_outputs/2020-08-03T18:32:40/jl_55JH7w
../instances/gcut2;none;true;false;20;712952;28793;-1;-1;-1;-1;-1;-1;-1;-1;-1;-1;-1;-1;-1;-1;-1;20;712952;28793;20;712952;28793;BUILT_MODEL;false;false;./experiments_outputs/2020-08-03T18:32:40/jl_6f7Jly
../instances/gcut6;none;false;true;20;1523968;74797;-1;-1;-1;-1;-1;-1;-1;-1;-1;-1;-1;-1;-1;-1;-1;20;1523968;74797;20;1523968;74797;BUILT_MODEL;false;false;./experiments_outputs/2020-08-03T18:32:40/jl_6pVtYz
../instances/gcut12;none;true;false;50;38308429;489428;-1;-1;-1;-1;-1;-1;-1;-1;-1;-1;-1;-1;-1;-1;-1;50;38308429;489428;50;38308429;489428;BUILT_MODEL;false;false;./experiments_outputs/2020-08-03T18:32:40/jl_83DLRA
../instances/gcut3;none;false;true;30;1622251;32681;-1;-1;-1;-1;-1;-1;-1;-1;-1;-1;-1;-1;-1;-1;-1;30;1622251;32681;30;1622251;32681;BUILT_MODEL;false;false;./experiments_outputs/2020-08-03T18:32:40/jl_8lr6Dw
../instances/gcut5;none;false;true;10;236251;25336;-1;-1;-1;-1;-1;-1;-1;-1;-1;-1;-1;-1;-1;-1;-1;10;236251;25336;10;236251;25336;BUILT_MODEL;false;false;./experiments_outputs/2020-08-03T18:32:40/jl_BnvZxA
../instances/gcut7;none;true;false;30;2875229;100545;-1;-1;-1;-1;-1;-1;-1;-1;-1;-1;-1;-1;-1;-1;-1;30;2875229;100545;30;2875229;100545;BUILT_MODEL;false;false;./experiments_outputs/2020-08-03T18:32:40/jl_CRrqdx
../instances/gcut1;none;false;true;10;35029;4429;-1;-1;-1;-1;-1;-1;-1;-1;-1;-1;-1;-1;-1;-1;-1;10;35029;4429;10;35029;4429;BUILT_MODEL;false;false;./experiments_outputs/2020-08-03T18:32:40/jl_I5Notz
../instances/gcut8;none;true;false;50;11538511;136524;-1;-1;-1;-1;-1;-1;-1;-1;-1;-1;-1;-1;-1;-1;-1;50;11538511;136524;50;11538511;136524;BUILT_MODEL;false;false;./experiments_outputs/2020-08-03T18:32:40/jl_KKUbAx
../instances/gcut8;none;false;true;50;14065634;136524;-1;-1;-1;-1;-1;-1;-1;-1;-1;-1;-1;-1;-1;-1;-1;50;14065634;136524;50;14065634;136524;BUILT_MODEL;false;false;./experiments_outputs/2020-08-03T18:32:40/jl_ORcPBx
../instances/gcut11;none;false;true;30;28503072;400070;-1;-1;-1;-1;-1;-1;-1;-1;-1;-1;-1;-1;-1;-1;-1;30;28503072;400070;30;28503072;400070;BUILT_MODEL;false;false;./experiments_outputs/2020-08-03T18:32:40/jl_RUmDIz
../instances/gcut4;none;true;false;50;2258166;35176;-1;-1;-1;-1;-1;-1;-1;-1;-1;-1;-1;-1;-1;-1;-1;50;2258166;35176;50;2258166;35176;BUILT_MODEL;false;false;./experiments_outputs/2020-08-03T18:32:40/jl_VAjv1z
../instances/gcut5;none;true;false;10;174447;24470;-1;-1;-1;-1;-1;-1;-1;-1;-1;-1;-1;-1;-1;-1;-1;10;174447;24470;10;174447;24470;BUILT_MODEL;false;false;./experiments_outputs/2020-08-03T18:32:40/jl_YHCEAw
../instances/gcut9;none;true;false;10;317141;36152;-1;-1;-1;-1;-1;-1;-1;-1;-1;-1;-1;-1;-1;-1;-1;10;317141;36152;10;317141;36152;BUILT_MODEL;false;false;./experiments_outputs/2020-08-03T18:32:40/jl_bC4a9z
../instances/gcut3;none;true;false;30;1312786;32681;-1;-1;-1;-1;-1;-1;-1;-1;-1;-1;-1;-1;-1;-1;-1;30;1312786;32681;30;1312786;32681;BUILT_MODEL;false;false;./experiments_outputs/2020-08-03T18:32:40/jl_e5UWFz
../instances/gcut12;none;false;true;50;52573780;489428;-1;-1;-1;-1;-1;-1;-1;-1;-1;-1;-1;-1;-1;-1;-1;-1;-1;-1;-1;-1;-1;NOT_REACHED;false;true;./experiments_outputs/2020-08-03T18:32:40/jl_glEKIz
../instances/gcut9;none;false;true;10;437963;38936;-1;-1;-1;-1;-1;-1;-1;-1;-1;-1;-1;-1;-1;-1;-1;10;437963;38936;10;437963;38936;BUILT_MODEL;false;false;./experiments_outputs/2020-08-03T18:32:40/jl_hochzz
../instances/gcut10;none;true;false;20;21168;2537;-1;-1;-1;-1;-1;-1;-1;-1;-1;-1;-1;-1;-1;-1;-1;20;21168;2537;20;21168;2537;BUILT_MODEL;false;false;./experiments_outputs/2020-08-03T18:32:40/jl_qWzi5x
../instances/gcut6;none;true;false;20;1044390;73814;-1;-1;-1;-1;-1;-1;-1;-1;-1;-1;-1;-1;-1;-1;-1;20;1044390;73814;20;1044390;73814;BUILT_MODEL;false;false;./experiments_outputs/2020-08-03T18:32:40/jl_rxJX1w
../instances/gcut1;none;true;false;10;2897;515;-1;-1;-1;-1;-1;-1;-1;-1;-1;-1;-1;-1;-1;-1;-1;10;2897;515;10;2897;515;BUILT_MODEL;false;false;./experiments_outputs/2020-08-03T18:32:40/jl_tJa6Lz
../instances/gcut4;none;false;true;50;2630471;35176;-1;-1;-1;-1;-1;-1;-1;-1;-1;-1;-1;-1;-1;-1;-1;50;2630471;35176;50;2630471;35176;BUILT_MODEL;false;false;./experiments_outputs/2020-08-03T18:32:40/jl_wF6kCz
../instances/gcut11;none;true;false;30;22279538;400070;-1;-1;-1;-1;-1;-1;-1;-1;-1;-1;-1;-1;-1;-1;-1;30;22279538;400070;30;22279538;400070;BUILT_MODEL;false;false;./experiments_outputs/2020-08-03T18:32:40/jl_xfv21y
../instances/gcut2;none;false;true;20;972569;28793;-1;-1;-1;-1;-1;-1;-1;-1;-1;-1;-1;-1;-1;-1;-1;20;972569;28793;20;972569;28793;BUILT_MODEL;false;false;./experiments_outputs/2020-08-03T18:32:40/jl_ylRwtx
../instances/gcut3;none;true;true;30;1969360;32681;-1;-1;-1;-1;-1;-1;-1;-1;-1;-1;-1;-1;-1;-1;-1;30;1969360;32681;30;1969360;32681;BUILT_MODEL;false;false;./experiments_outputs/2020-08-04T12:48:50/jl_3OmrVn
../instances/gcut9;furini;false;false;10;310704;36152;10;6219;833;10;3376;833;10;306063;36152;10;306071;36152;10;146530;36152;10;146530;36152;10;12379;3219;BUILT_MODEL;false;false;./experiments_outputs/2020-08-04T12:48:50/jl_5bYw0n
../instances/gcut8;none;true;true;50;16329875;136524;-1;-1;-1;-1;-1;-1;-1;-1;-1;-1;-1;-1;-1;-1;-1;50;16329875;136524;50;16329875;136524;BUILT_MODEL;false;false;./experiments_outputs/2020-08-04T12:48:50/jl_8vYdHm
../instances/gcut8;furini;false;false;50;9762668;136524;50;387859;21228;50;68313;21228;50;5869073;136524;50;5949821;136524;50;676029;136524;50;676029;136524;45;31128;7798;BUILT_MODEL;false;false;./experiments_outputs/2020-08-04T12:48:50/jl_GZuIjp
../instances/gcut6;furini;false;false;20;998392;73814;20;21454;3194;20;12960;3194;20;946922;73814;20;948206;73814;20;242764;73814;20;242764;73814;19;14331;4349;BUILT_MODEL;false;false;./experiments_outputs/2020-08-04T12:48:50/jl_HB8Aio
../instances/gcut2;furini;false;false;20;630744;28793;20;28527;3197;20;15369;3197;20;513397;28793;20;516781;28793;20;124838;28793;20;124838;28793;18;17792;4493;BUILT_MODEL;false;false;./experiments_outputs/2020-08-04T12:48:50/jl_HvwWFn
../instances/gcut5;furini;false;false;10;171502;24470;10;6575;1291;10;5677;1291;10;167734;24470;10;167752;24470;10;131764;24470;10;131764;24470;10;77288;14572;BUILT_MODEL;false;false;./experiments_outputs/2020-08-04T12:48:50/jl_IRXApn
../instances/gcut2;none;true;true;20;1105120;28793;-1;-1;-1;-1;-1;-1;-1;-1;-1;-1;-1;-1;-1;-1;-1;20;1105120;28793;20;1105120;28793;BUILT_MODEL;false;false;./experiments_outputs/2020-08-04T12:48:50/jl_OACUWl
../instances/gcut3;furini;false;false;30;1107065;32681;30;73394;5635;30;20544;5635;30;857747;32681;30;862080;32681;30;191767;32681;30;191767;32681;28;27822;5019;BUILT_MODEL;false;false;./experiments_outputs/2020-08-04T12:48:50/jl_Q7vXTm
../instances/gcut6;none;true;true;20;1717090;74797;-1;-1;-1;-1;-1;-1;-1;-1;-1;-1;-1;-1;-1;-1;-1;20;1717090;74797;20;1717090;74797;BUILT_MODEL;false;false;./experiments_outputs/2020-08-04T12:48:50/jl_RrPhXm
../instances/gcut10;none;true;true;20;2625423;138062;-1;-1;-1;-1;-1;-1;-1;-1;-1;-1;-1;-1;-1;-1;-1;20;2625423;138062;20;2625423;138062;BUILT_MODEL;false;false;./experiments_outputs/2020-08-04T12:48:50/jl_TdOndm
../instances/gcut9;none;true;true;10;474350;38936;-1;-1;-1;-1;-1;-1;-1;-1;-1;-1;-1;-1;-1;-1;-1;10;474350;38936;10;474350;38936;BUILT_MODEL;false;false;./experiments_outputs/2020-08-04T12:48:50/jl_YEN7mp
../instances/gcut12;furini;false;false;50;30392392;489428;50;444594;31213;50;116275;31213;50;20607216;489428;50;20918316;489428;50;2907313;489428;50;2907313;489428;47;338237;62983;BUILT_MODEL;false;false;./experiments_outputs/2020-08-04T12:48:50/jl_ZvbIWn
../instances/gcut1;none;true;true;10;39886;4429;-1;-1;-1;-1;-1;-1;-1;-1;-1;-1;-1;-1;-1;-1;-1;10;39886;4429;10;39886;4429;BUILT_MODEL;false;false;./experiments_outputs/2020-08-04T12:48:50/jl_a1DKYm
../instances/gcut7;none;true;true;30;4908292;100800;-1;-1;-1;-1;-1;-1;-1;-1;-1;-1;-1;-1;-1;-1;-1;30;4908292;100800;30;4908292;100800;BUILT_MODEL;false;false;./experiments_outputs/2020-08-04T12:48:50/jl_aJOvFm
../instances/gcut11;none;true;true;30;32997932;400070;-1;-1;-1;-1;-1;-1;-1;-1;-1;-1;-1;-1;-1;-1;-1;30;32997932;400070;30;32997932;400070;BUILT_MODEL;false;false;./experiments_outputs/2020-08-04T12:48:50/jl_cjzvGn
../instances/gcut4;none;true;true;50;2963171;35176;-1;-1;-1;-1;-1;-1;-1;-1;-1;-1;-1;-1;-1;-1;-1;50;2963171;35176;50;2963171;35176;BUILT_MODEL;false;false;./experiments_outputs/2020-08-04T12:48:50/jl_dqSuLm
../instances/gcut10;furini;false;false;20;19521;2537;20;19521;2537;20;15711;2537;20;19521;2537;20;19521;2537;20;12063;2537;20;12063;2537;20;7157;1512;BUILT_MODEL;false;false;./experiments_outputs/2020-08-04T12:48:50/jl_hR7tpp
../instances/gcut5;none;true;true;10;250317;25336;-1;-1;-1;-1;-1;-1;-1;-1;-1;-1;-1;-1;-1;-1;-1;10;250317;25336;10;250317;25336;BUILT_MODEL;false;false;./experiments_outputs/2020-08-04T12:48:50/jl_hSurzm
../instances/gcut12;none;true;true;50;66415417;489428;-1;-1;-1;-1;-1;-1;-1;-1;-1;-1;-1;-1;-1;-1;-1;-1;-1;-1;-1;-1;-1;NOT_REACHED;false;true;./experiments_outputs/2020-08-04T18:41:05/jl_ijH4sn
../instances/gcut1;furini;false;false;10;2864;515;10;2864;515;10;2217;515;10;2864;515;10;2864;515;10;1626;515;10;1626;515;10;725;275;BUILT_MODEL;false;false;./experiments_outputs/2020-08-04T12:48:50/jl_oj8Tsm
../instances/gcut11;furini;false;false;30;18863246;400070;30;174575;15991;30;119564;15991;30;10877010;400070;30;11190083;400070;30;5401719;400070;30;5401719;400070;30;1735844;124273;BUILT_MODEL;false;false;./experiments_outputs/2020-08-04T12:48:50/jl_qPrwVk
../instances/gcut4;furini;false;false;50;2010322;35176;50;185852;8668;50;52618;8668;50;1357239;35176;50;1368141;35176;50;241547;35176;50;241547;35176;50;70750;11180;BUILT_MODEL;false;false;./experiments_outputs/2020-08-04T12:48:50/jl_qfQlPm
../instances/gcut7;furini;false;false;30;2464583;100545;30;62813;7205;30;20247;7205;30;2148859;100545;30;2162792;100545;30;418900;100545;30;418900;100545;30;45666;11993;BUILT_MODEL;false;false;./experiments_outputs/2020-08-04T12:48:50/jl_rOB8Kn
../instances/gcut11;none;false;false;30;18863246;400070;-1;-1;-1;-1;-1;-1;-1;-1;-1;-1;-1;-1;-1;-1;-1;30;18863246;400070;30;18863246;400070;BUILT_MODEL;false;false;./experiments_outputs/2020-08-04T18:41:05/jl_6HeCCc
../instances/gcut3;none;false;false;30;1107065;32681;-1;-1;-1;-1;-1;-1;-1;-1;-1;-1;-1;-1;-1;-1;-1;30;1107065;32681;30;1107065;32681;BUILT_MODEL;false;false;./experiments_outputs/2020-08-04T18:41:05/jl_BWnBkb
../instances/gcut8;none;false;false;50;9762668;136524;-1;-1;-1;-1;-1;-1;-1;-1;-1;-1;-1;-1;-1;-1;-1;50;9762668;136524;50;9762668;136524;BUILT_MODEL;false;false;./experiments_outputs/2020-08-04T18:41:05/jl_Gm8M7a
../instances/gcut4;none;false;false;50;2010322;35176;-1;-1;-1;-1;-1;-1;-1;-1;-1;-1;-1;-1;-1;-1;-1;50;2010322;35176;50;2010322;35176;BUILT_MODEL;false;false;./experiments_outputs/2020-08-04T18:41:05/jl_NOnHFc
../instances/gcut1;none;false;false;10;2864;515;-1;-1;-1;-1;-1;-1;-1;-1;-1;-1;-1;-1;-1;-1;-1;10;2864;515;10;2864;515;BUILT_MODEL;false;false;./experiments_outputs/2020-08-04T18:41:05/jl_NVWEtd
../instances/gcut7;none;false;false;30;2464583;100545;-1;-1;-1;-1;-1;-1;-1;-1;-1;-1;-1;-1;-1;-1;-1;30;2464583;100545;30;2464583;100545;BUILT_MODEL;false;false;./experiments_outputs/2020-08-04T18:41:05/jl_PGss2d
../instances/gcut6;none;false;false;20;998392;73814;-1;-1;-1;-1;-1;-1;-1;-1;-1;-1;-1;-1;-1;-1;-1;20;998392;73814;20;998392;73814;BUILT_MODEL;false;false;./experiments_outputs/2020-08-04T18:41:05/jl_icuJyc
../instances/gcut5;none;false;false;10;171502;24470;-1;-1;-1;-1;-1;-1;-1;-1;-1;-1;-1;-1;-1;-1;-1;10;171502;24470;10;171502;24470;BUILT_MODEL;false;false;./experiments_outputs/2020-08-04T18:41:05/jl_j59PJd
../instances/gcut10;none;false;false;20;19521;2537;-1;-1;-1;-1;-1;-1;-1;-1;-1;-1;-1;-1;-1;-1;-1;20;19521;2537;20;19521;2537;BUILT_MODEL;false;false;./experiments_outputs/2020-08-04T18:41:05/jl_mw7yab
../instances/gcut2;none;false;false;20;630744;28793;-1;-1;-1;-1;-1;-1;-1;-1;-1;-1;-1;-1;-1;-1;-1;20;630744;28793;20;630744;28793;BUILT_MODEL;false;false;./experiments_outputs/2020-08-04T18:41:05/jl_sUUaTd
../instances/gcut9;none;false;false;10;310704;36152;-1;-1;-1;-1;-1;-1;-1;-1;-1;-1;-1;-1;-1;-1;-1;10;310704;36152;10;310704;36152;BUILT_MODEL;false;false;./experiments_outputs/2020-08-04T18:41:05/jl_wGkw7d
../instances/gcut12;none;false;false;50;30392392;489428;-1;-1;-1;-1;-1;-1;-1;-1;-1;-1;-1;-1;-1;-1;-1;50;30392392;489428;50;30392392;489428;BUILT_MODEL;false;false;./experiments_outputs/2020-08-04T18:41:05/jl_z6vMFc
