instance_name;pricing_method;qt_pevars_priced_restricted;qt_cmvars_priced_restricted;qt_plates_priced_restricted;qt_pevars_after_purge;qt_cmvars_after_purge;qt_plates_after_purge;heuristic_lb;restricted_obj_value;restricted_obj_bound;restricted_lp_stop_reason;restricted_stop_reason;solved_priced_restricted_model;enumeration_time;heuristic_lb_time;restricted_pricing_time;iterative_pricing_time;final_pricing_time;total_pricing_time;final_root_relaxation_time;final_solving_time;obj_value;solution_profit;obj_bound;total_instance_time;build_and_solve_time;run_total_time;run_ended_by_exception;had_timeout;build_stop_reason;datafile
../instances/P2_200_100_25_4;furini;1108;168268;10439;-1;-1;-1;17785.0;25729.0;26181.0;MathOptInterface.OPTIMAL;MathOptInterface.TIME_LIMIT;false;0.024362341;1.44620808;NaN;NaN;NaN;NaN;NaN;NaN;NaN;NaN;NaN;NaN;NaN;10800.21753195;true;true;NOT_REACHED;./experiments_outputs/2020-07-28T05:01:05/jl_0wUxek
../instances/P2_400_100_25_4;none;-1;-1;-1;1234;2093070;21714;35833.0;NaN;NaN;NOT_REACHED;NOT_REACHED;false;0.070083495;2.400128867;NaN;NaN;NaN;NaN;399.75;10790.711060495;49847.0;49847.0;51600.0;NaN;10800.334465026855;10801.838699165;true;true;BUILT_MODEL;./experiments_outputs/2020-07-28T05:01:05/jl_1niKFk
../instances/P1_100_400_50_4;none;-1;-1;-1;2870;3269985;32455;44403.0;NaN;NaN;NOT_REACHED;NOT_REACHED;false;0.130364501;1.757122108;NaN;NaN;NaN;NaN;1622.2;10787.407279561;55107.0;55107.0;55654.0;NaN;10800.598289966583;10802.683130469;true;true;BUILT_MODEL;./experiments_outputs/2020-07-28T05:01:05/jl_3vQimk
../instances/P2_400_100_50_4;furini;2781;944134;28169;-1;-1;-1;37681.0;53375.0;54857.0;MathOptInterface.OPTIMAL;MathOptInterface.TIME_LIMIT;false;0.10847447;2.912608532;NaN;NaN;NaN;NaN;NaN;NaN;NaN;NaN;NaN;NaN;NaN;10800.352161253;true;true;NOT_REACHED;./experiments_outputs/2020-07-28T05:01:05/jl_3zc7tk
../instances/P2_200_100_50_4;none;-1;-1;-1;2427;675511;12878;19336.0;NaN;NaN;NOT_REACHED;NOT_REACHED;false;0.037750896;2.083108575;NaN;NaN;NaN;NaN;85.06;10795.606973107;27439.0;27439.0;27704.0;NaN;10800.125086069107;10800.743556193;true;true;BUILT_MODEL;./experiments_outputs/2020-07-28T05:01:05/jl_6ytMsl
../instances/P4_150_150_50_4;none;-1;-1;-1;3707;960161;17740;26007.0;NaN;NaN;NOT_REACHED;NOT_REACHED;false;0.058781816;2.085136701;NaN;NaN;NaN;NaN;150.37;1664.909604039;31961.0;31961.0;31961.0;1671.127717679;1670.587378025055;1671.289743076;false;false;BUILT_MODEL;./experiments_outputs/2020-07-28T05:01:05/jl_ArEnHn
../instances/P1_100_400_25_4;furini;-1;-1;-1;-1;-1;-1;38365.0;NaN;NaN;MathOptInterface.TIME_LIMIT;NOT_REACHED;false;0.11503413;0.986126267;NaN;NaN;NaN;NaN;NaN;NaN;NaN;NaN;NaN;NaN;NaN;10800.297600742;true;true;NOT_REACHED;./experiments_outputs/2020-07-28T05:01:05/jl_B74Jbk
../instances/P4_250_250_50_4;furini;-1;-1;-1;-1;-1;-1;67973.0;NaN;NaN;MathOptInterface.TIME_LIMIT;NOT_REACHED;false;0.250501048;2.946439707;NaN;NaN;NaN;NaN;NaN;NaN;NaN;NaN;NaN;NaN;NaN;10800.686877929;true;true;NOT_REACHED;./experiments_outputs/2020-07-28T05:01:05/jl_FpXgEl
../instances/P1_100_400_25_4;none;-1;-1;-1;1504;2638672;28477;38365.0;NaN;NaN;NOT_REACHED;NOT_REACHED;false;0.109342744;1.025368516;NaN;NaN;NaN;NaN;1383.22;10789.856765097;38567.0;38567.0;46069.0;NaN;10800.479666948318;10802.182163651;true;true;BUILT_MODEL;./experiments_outputs/2020-07-28T05:01:05/jl_MpvkIl
../instances/P3_150_150_25_4;none;-1;-1;-1;1575;698770;14698;25505.0;NaN;NaN;NOT_REACHED;NOT_REACHED;false;0.034745757;1.113452959;NaN;NaN;NaN;NaN;103.61;10796.914475363;30480.0;30480.0;30788.0;NaN;10800.570845842361;10801.165095177;true;true;BUILT_MODEL;./experiments_outputs/2020-07-28T05:01:05/jl_N2V39i
../instances/P3_150_150_50_4;furini;2921;599365;17268;-1;-1;-1;26942.0;31925.0;32210.0;MathOptInterface.OPTIMAL;MathOptInterface.TIME_LIMIT;false;0.050733692;1.824842169;NaN;NaN;NaN;NaN;NaN;NaN;NaN;NaN;NaN;NaN;NaN;10800.26101073;true;true;NOT_REACHED;./experiments_outputs/2020-07-28T05:01:05/jl_N3LdQm
../instances/P3_150_150_50_4;none;-1;-1;-1;2921;964321;17268;26942.0;NaN;NaN;NOT_REACHED;NOT_REACHED;false;0.048591053;1.747407043;NaN;NaN;NaN;NaN;213.06;4714.177199113;31925.0;31925.0;31925.0;4719.800611789;4719.2770528793335;4719.944669981;false;false;BUILT_MODEL;./experiments_outputs/2020-07-28T05:01:05/jl_Ni6Ayl
../instances/P4_150_150_25_4;none;-1;-1;-1;1702;639294;14573;25307.0;NaN;NaN;NOT_REACHED;NOT_REACHED;false;0.036718022;1.429549461;NaN;NaN;NaN;NaN;73.61;265.672732645;30106.0;30106.0;30106.0;269.685132731;269.3367021083832;269.870962321;false;false;BUILT_MODEL;./experiments_outputs/2020-07-28T05:01:05/jl_PDGjgj
../instances/P4_250_250_25_4;furini;-1;-1;-1;-1;-1;-1;69186.0;NaN;NaN;MathOptInterface.TIME_LIMIT;NOT_REACHED;false;0.222609086;3.048017276;NaN;NaN;NaN;NaN;NaN;NaN;NaN;NaN;NaN;NaN;NaN;10800.383653309;true;true;NOT_REACHED;./experiments_outputs/2020-07-28T05:01:05/jl_Rj1ZZj
../instances/P4_150_150_25_4;furini;1702;296352;14573;1702;203111;12795;25307.0;30055.0;30055.0;MathOptInterface.OPTIMAL;MathOptInterface.OPTIMAL;true;0.039188829;1.401866126;175.6397500038147;216.71991300582886;2.171431064605713;394.53196835;25.5;131.777277177;30106.0;30106.0;30106.0;527.122508991;526.9852659702301;527.297481689;false;false;BUILT_MODEL;./experiments_outputs/2020-07-28T05:01:05/jl_SvJOhn
../instances/P2_200_100_25_4;none;-1;-1;-1;1108;481487;10439;17785.0;NaN;NaN;NOT_REACHED;NOT_REACHED;false;0.024511276;1.460773844;NaN;NaN;NaN;NaN;52.04;10796.91455438;25734.0;25734.0;26239.0;NaN;10800.065887928009;10800.703649846;true;true;BUILT_MODEL;./experiments_outputs/2020-07-28T05:01:05/jl_UXMMTj
../instances/P1_100_200_50_4;furini;2870;526950;14855;-1;-1;-1;23302.0;28058.0;28345.0;MathOptInterface.OPTIMAL;MathOptInterface.TIME_LIMIT;false;0.043846306;1.806867015;NaN;NaN;NaN;NaN;NaN;NaN;NaN;NaN;NaN;NaN;NaN;10801.44169641;true;true;NOT_REACHED;./experiments_outputs/2020-07-28T05:01:05/jl_X6p4Fj
../instances/P1_100_400_50_4;furini;-1;-1;-1;-1;-1;-1;44403.0;NaN;NaN;MathOptInterface.TIME_LIMIT;NOT_REACHED;false;0.163491796;1.756984791;NaN;NaN;NaN;NaN;NaN;NaN;NaN;NaN;NaN;NaN;NaN;10800.412564993;true;true;NOT_REACHED;./experiments_outputs/2020-07-28T05:01:05/jl_dfcU8l
../instances/P4_250_250_50_4;none;-1;-1;-1;3707;5761190;54740;67973.0;NaN;NaN;NOT_REACHED;NOT_REACHED;false;0.227083301;3.033291534;NaN;NaN;NaN;NaN;9856.47;10779.743071847;69063.0;69063.0;86941.0;NaN;10802.267105102539;10805.85591676;true;true;BUILT_MODEL;./experiments_outputs/2020-07-28T05:01:05/jl_eztslm
../instances/P1_100_200_25_4;furini;2339;263911;12647;2328;196090;12053;23347.0;26732.0;26732.0;MathOptInterface.OPTIMAL;MathOptInterface.OPTIMAL;true;0.039024222;1.298313357;9825.73809504509;197.3990740776062;1.6608860492706299;10024.798728994;34.66;318.677830979;26896.0;26896.0;26896.0;10344.323700796;10344.0878739357;10344.98821244;false;false;BUILT_MODEL;./experiments_outputs/2020-07-28T05:01:05/jl_fUEx8l
../instances/P1_100_200_25_4;none;-1;-1;-1;2339;498833;12647;23347.0;NaN;NaN;NOT_REACHED;NOT_REACHED;false;0.028571849;1.227177448;NaN;NaN;NaN;NaN;62.71;743.958562637;26896.0;26896.0;26896.0;747.219482449;746.9405989646912;747.353909124;false;false;BUILT_MODEL;./experiments_outputs/2020-07-28T05:01:05/jl_hwxN1k
../instances/P2_200_100_50_4;furini;2427;333538;12878;-1;-1;-1;19336.0;27395.0;27668.0;MathOptInterface.OPTIMAL;MathOptInterface.TIME_LIMIT;false;0.037145711;2.004886844;NaN;NaN;NaN;NaN;NaN;NaN;NaN;NaN;NaN;NaN;NaN;10800.306234461;true;true;NOT_REACHED;./experiments_outputs/2020-07-28T05:01:05/jl_q4PMvn
../instances/P2_400_100_50_4;none;-1;-1;-1;2781;2956546;28169;37681.0;NaN;NaN;NOT_REACHED;NOT_REACHED;false;0.114820006;3.127922794;NaN;NaN;NaN;NaN;989.06;10787.29814672;54240.0;54240.0;54987.0;NaN;10800.496871948242;10802.335122814;true;true;BUILT_MODEL;./experiments_outputs/2020-07-28T05:01:05/jl_qKbXUl
../instances/P3_250_250_25_4;none;-1;-1;-1;1349;4735568;49236;57245.0;NaN;NaN;NOT_REACHED;NOT_REACHED;false;0.172831375;2.884106561;NaN;NaN;NaN;NaN;NaN;10784.798370401;57443.0;57443.0;6.023438e6;NaN;10803.527657032013;10806.550706894;true;true;BUILT_MODEL;./experiments_outputs/2020-07-28T05:01:05/jl_tJmKXj
../instances/P3_250_250_25_4;furini;-1;-1;-1;-1;-1;-1;57245.0;NaN;NaN;MathOptInterface.TIME_LIMIT;NOT_REACHED;false;0.217896181;2.995472728;NaN;NaN;NaN;NaN;NaN;NaN;NaN;NaN;NaN;NaN;NaN;10800.532268802;true;true;NOT_REACHED;./experiments_outputs/2020-07-28T05:01:05/jl_ulbbZk
../instances/P4_250_250_25_4;none;-1;-1;-1;1702;4596113;48972;69186.0;NaN;NaN;NOT_REACHED;NOT_REACHED;false;0.212603248;3.204593705;NaN;NaN;NaN;NaN;6125.93;10781.824653471;69530.0;69530.0;81634.93003024085;NaN;10801.5467710495;10804.355258935;true;true;BUILT_MODEL;./experiments_outputs/2020-07-28T05:01:05/jl_votsMm
../instances/P4_150_150_50_4;furini;3707;638597;17740;-1;-1;-1;26007.0;31912.0;32206.0;MathOptInterface.OPTIMAL;MathOptInterface.TIME_LIMIT;false;0.056817438;2.079983555;NaN;NaN;NaN;NaN;NaN;NaN;NaN;NaN;NaN;NaN;NaN;10800.30459051;true;true;NOT_REACHED;./experiments_outputs/2020-07-28T05:01:05/jl_wKZuZk
../instances/P3_150_150_25_4;furini;1575;305437;14698;-1;-1;-1;25505.0;30480.0;30705.0;MathOptInterface.OPTIMAL;MathOptInterface.TIME_LIMIT;false;0.037436525;1.117317;NaN;NaN;NaN;NaN;NaN;NaN;NaN;NaN;NaN;NaN;NaN;10800.236401831;true;true;NOT_REACHED;./experiments_outputs/2020-07-28T05:01:05/jl_x7vqTl
../instances/P3_250_250_50_4;none;-1;-1;-1;2703;5421922;52580;57224.0;NaN;NaN;NOT_REACHED;NOT_REACHED;false;0.216774272;3.072582353;NaN;NaN;NaN;NaN;NaN;10781.043646211;57982.0;57982.0;1.1643902e7;NaN;10803.37744307518;10806.914441789;true;true;BUILT_MODEL;./experiments_outputs/2020-07-28T05:01:05/jl_xGJyMk
../instances/P1_100_200_50_4;none;-1;-1;-1;2870;774583;14855;23302.0;NaN;NaN;NOT_REACHED;NOT_REACHED;false;0.042782223;1.712753939;NaN;NaN;NaN;NaN;154.79;10795.73008489;28095.0;28095.0;28340.0;NaN;10800.136981010437;10800.799340084;true;true;BUILT_MODEL;./experiments_outputs/2020-07-28T05:01:05/jl_xJDvQj
../instances/P3_250_250_50_4;furini;-1;-1;-1;-1;-1;-1;57224.0;NaN;NaN;MathOptInterface.TIME_LIMIT;NOT_REACHED;false;0.243801383;3.091244149;NaN;NaN;NaN;NaN;NaN;NaN;NaN;NaN;NaN;NaN;NaN;10800.579926055;true;true;NOT_REACHED;./experiments_outputs/2020-07-28T05:01:05/jl_xrOVGl
../instances/P2_400_100_25_4;furini;1234;400688;21714;-1;-1;-1;35833.0;51051.0;51526.0;MathOptInterface.OPTIMAL;MathOptInterface.TIME_LIMIT;false;0.067778038;2.296697301;NaN;NaN;NaN;NaN;NaN;NaN;NaN;NaN;NaN;NaN;NaN;10800.304482041;true;true;NOT_REACHED;./experiments_outputs/2020-07-28T05:01:05/jl_zVgtqk
../instances/P3_250_250_25_3;none;-1;-1;-1;2243;3721688;43729;52545.0;NaN;NaN;NOT_REACHED;NOT_REACHED;false;0.141978078;1.984371978;NaN;NaN;NaN;NaN;4783.81;10786.661505124;52545.0;52545.0;9.306401e6;NaN;10800.747638940811;10803.036026377;true;true;BUILT_MODEL;./experiments_outputs/2020-07-28T04:59:52/jl_1QiH1X
../instances/P4_150_150_50_3;furini;3428;717740;18922;-1;-1;-1;24801.0;30906.0;31500.0;MathOptInterface.OPTIMAL;MathOptInterface.TIME_LIMIT;false;0.071964799;1.881639045;NaN;NaN;NaN;NaN;NaN;NaN;NaN;NaN;NaN;NaN;NaN;10801.061471681;true;true;NOT_REACHED;./experiments_outputs/2020-07-28T04:59:52/jl_3Q79kY
../instances/P2_200_100_25_3;furini;1487;105102;7108;1487;258987;7107;17209.0;25282.0;25282.0;MathOptInterface.OPTIMAL;MathOptInterface.OPTIMAL;true;0.019178746;1.214157668;2827.3884329795837;43.0557599067688;0.9882669448852539;2871.432884717;15.24;7928.007584649;25397.0;25397.0;25640.0;NaN;10800.040230035782;10800.379491633;true;true;BUILT_MODEL;./experiments_outputs/2020-07-28T04:59:52/jl_6EFyAX
../instances/P2_400_100_25_3;furini;1594;289919;19728;-1;-1;-1;35332.0;46970.0;47113.0;MathOptInterface.OPTIMAL;MathOptInterface.TIME_LIMIT;false;0.077932534;2.239827419;NaN;NaN;NaN;NaN;NaN;NaN;NaN;NaN;NaN;NaN;NaN;10800.310185;true;true;NOT_REACHED;./experiments_outputs/2020-07-28T04:59:52/jl_6KYHHZ
../instances/P2_400_100_25_3;none;-1;-1;-1;1594;1728531;19729;35332.0;NaN;NaN;NOT_REACHED;NOT_REACHED;false;0.066443869;2.313030418;NaN;NaN;NaN;NaN;447.44;10791.40704525;46860.0;46860.0;47204.0;NaN;10800.226624965668;10801.382261562;true;true;BUILT_MODEL;./experiments_outputs/2020-07-28T04:59:52/jl_Ch8oyX
../instances/P4_150_150_25_3;none;-1;-1;-1;1531;810392;16378;24393.0;NaN;NaN;NOT_REACHED;NOT_REACHED;false;0.042768001;1.030715913;NaN;NaN;NaN;NaN;120.98;4104.576003444;30352.0;30352.0;30352.0;4109.097449248;4108.678884029388;4109.271376089;false;false;BUILT_MODEL;./experiments_outputs/2020-07-28T04:59:52/jl_GoRukW
../instances/P2_200_100_50_3;furini;2394;244465;10925;2297;194660;6610;19166.0;27435.0;27435.0;MathOptInterface.OPTIMAL;MathOptInterface.OPTIMAL;true;0.030552299;2.142806827;821.2748939990997;167.75534796714783;1.774886131286621;990.805844601;4.74;9808.700267647;27453.0;27453.0;27584.0;NaN;10800.084923028946;10800.509078025;true;true;BUILT_MODEL;./experiments_outputs/2020-07-28T04:59:52/jl_I3hONX
../instances/P2_400_100_50_3;none;-1;-1;-1;3048;2693533;27105;36580.0;NaN;NaN;NOT_REACHED;NOT_REACHED;false;0.107338305;3.054995547;NaN;NaN;NaN;NaN;697.8;10788.714846723;54747.0;54747.0;55709.99485340695;NaN;10800.645049095154;10802.323257298;true;true;BUILT_MODEL;./experiments_outputs/2020-07-28T04:59:52/jl_I4tetX
../instances/P3_250_250_50_3;furini;-1;-1;-1;-1;-1;-1;60586.0;NaN;NaN;MathOptInterface.TIME_LIMIT;NOT_REACHED;false;0.354093399;2.270838715;NaN;NaN;NaN;NaN;NaN;NaN;NaN;NaN;NaN;NaN;NaN;10800.467161189;true;true;NOT_REACHED;./experiments_outputs/2020-07-28T04:59:52/jl_M337PW
../instances/P1_100_200_25_3;furini;1688;265487;13143;1688;310637;12862;21805.0;25730.0;25730.0;MathOptInterface.OPTIMAL;MathOptInterface.OPTIMAL;true;0.037048447;0.942897738;1850.0103731155396;307.7998390197754;2.0098018646240234;2159.820781192;73.54;8639.208888723;25730.0;25730.0;25974.0;NaN;10799.939303159714;10801.626084052;true;true;BUILT_MODEL;./experiments_outputs/2020-07-28T04:59:52/jl_MLvvnW
../instances/P4_250_250_50_3;none;-1;-1;-1;3428;6193407;56922;62229.0;NaN;NaN;NOT_REACHED;NOT_REACHED;false;0.241123147;2.179865909;NaN;NaN;NaN;NaN;NaN;10780.091520747;63147.0;63147.0;1.35916e7;NaN;10803.557228088379;10807.416280076;true;true;BUILT_MODEL;./experiments_outputs/2020-07-28T04:59:52/jl_MyEvrY
../instances/P3_250_250_50_3;none;-1;-1;-1;2994;4892612;50104;60586.0;NaN;NaN;NOT_REACHED;NOT_REACHED;false;0.195188042;2.424171249;NaN;NaN;NaN;NaN;NaN;10783.435690677;62711.0;62711.0;1.3874411e7;NaN;10802.50550699234;10805.58024699;true;true;BUILT_MODEL;./experiments_outputs/2020-07-28T04:59:52/jl_NJtP7V
../instances/P1_100_400_50_3;furini;-1;-1;-1;-1;-1;-1;41260.0;NaN;NaN;MathOptInterface.TIME_LIMIT;NOT_REACHED;false;0.15961638;1.756136483;NaN;NaN;NaN;NaN;NaN;NaN;NaN;NaN;NaN;NaN;NaN;10800.344900756;true;true;NOT_REACHED;./experiments_outputs/2020-07-28T04:59:52/jl_OUdwlY
../instances/P3_250_250_25_3;furini;-1;-1;-1;-1;-1;-1;52545.0;NaN;NaN;MathOptInterface.TIME_LIMIT;NOT_REACHED;false;0.168283146;2.005260118;NaN;NaN;NaN;NaN;NaN;NaN;NaN;NaN;NaN;NaN;NaN;10800.424451309;true;true;NOT_REACHED;./experiments_outputs/2020-07-28T04:59:52/jl_OzxBIW
../instances/P1_100_400_25_3;none;-1;-1;-1;1688;2777237;29942;42454.0;NaN;NaN;NOT_REACHED;NOT_REACHED;false;0.110849222;1.021239411;NaN;NaN;NaN;NaN;1581.48;10789.474288189;46222.0;46222.0;49371.0;NaN;10800.467669963837;10802.151249564;true;true;BUILT_MODEL;./experiments_outputs/2020-07-28T04:59:52/jl_RQAkj0
../instances/P3_150_150_25_3;furini;2219;229053;13392;2180;154072;10080;27076.0;30286.0;30286.0;MathOptInterface.OPTIMAL;MathOptInterface.OPTIMAL;true;0.036173997;0.991251046;317.3184230327606;329.5844340324402;1.8143398761749268;648.717944777;14.51;32.713530034;30286.0;30286.0;30286.0;681.977106043;681.8787858486176;682.180975265;false;false;BUILT_MODEL;./experiments_outputs/2020-07-28T04:59:52/jl_XMk3DW
../instances/P1_100_400_50_3;none;-1;-1;-1;3148;3252702;33146;41260.0;NaN;NaN;NOT_REACHED;NOT_REACHED;false;0.130796654;1.710122263;NaN;NaN;NaN;NaN;2137.11;10787.5007555;41977.0;41977.0;51696.0;NaN;10800.505628108978;10802.527078194;true;true;BUILT_MODEL;./experiments_outputs/2020-07-28T04:59:52/jl_YxyV0W
../instances/P4_250_250_50_3;furini;-1;-1;-1;-1;-1;-1;62229.0;NaN;NaN;MathOptInterface.TIME_LIMIT;NOT_REACHED;false;0.302928108;2.299361691;NaN;NaN;NaN;NaN;NaN;NaN;NaN;NaN;NaN;NaN;NaN;10800.763952598;true;true;NOT_REACHED;./experiments_outputs/2020-07-28T04:59:52/jl_bX8SeW
../instances/P3_150_150_25_3;none;-1;-1;-1;2219;557270;13392;27076.0;NaN;NaN;NOT_REACHED;NOT_REACHED;false;0.036574593;0.974073556;NaN;NaN;NaN;NaN;83.5;230.932047236;30286.0;30286.0;30286.0;234.336583303;234.05051684379578;234.455400051;false;false;BUILT_MODEL;./experiments_outputs/2020-07-28T04:59:52/jl_bb9bo0
../instances/P2_400_100_50_3;furini;3048;825466;27105;-1;-1;-1;36580.0;54141.0;55537.0;MathOptInterface.OPTIMAL;MathOptInterface.TIME_LIMIT;false;0.132072303;3.013512228;NaN;NaN;NaN;NaN;NaN;NaN;NaN;NaN;NaN;NaN;NaN;10800.602093811;true;true;NOT_REACHED;./experiments_outputs/2020-07-28T04:59:52/jl_eYPb4Z
../instances/P4_150_150_25_3;furini;1531;373357;16378;-1;-1;-1;24393.0;30257.0;30501.0;MathOptInterface.OPTIMAL;MathOptInterface.TIME_LIMIT;false;0.041131474;0.970355874;NaN;NaN;NaN;NaN;NaN;NaN;NaN;NaN;NaN;NaN;NaN;10800.315125697;true;true;NOT_REACHED;./experiments_outputs/2020-07-28T04:59:52/jl_f6iCxY
../instances/P3_150_150_50_3;none;-1;-1;-1;3388;868633;16605;27266.0;NaN;NaN;NOT_REACHED;NOT_REACHED;false;0.048157356;1.834680901;NaN;NaN;NaN;NaN;109.39;276.374708933;32121.00002257226;32121.0;32121.00002362531;281.66684149;281.2182319164276;281.796422305;false;false;BUILT_MODEL;./experiments_outputs/2020-07-28T04:59:52/jl_gOGvf0
../instances/P4_250_250_25_3;furini;-1;-1;-1;-1;-1;-1;59102.0;NaN;NaN;MathOptInterface.TIME_LIMIT;NOT_REACHED;false;0.268915158;1.722451353;NaN;NaN;NaN;NaN;NaN;NaN;NaN;NaN;NaN;NaN;NaN;10800.437916419;true;true;NOT_REACHED;./experiments_outputs/2020-07-28T04:59:52/jl_hZelpY
../instances/P1_100_200_50_3;none;-1;-1;-1;3148;732440;14747;21491.0;NaN;NaN;NOT_REACHED;NOT_REACHED;false;0.045097987;1.765779564;NaN;NaN;NaN;NaN;125.41;10795.672440829;27192.0;27192.0;27483.0;NaN;10800.120245933533;10800.751926268;true;true;BUILT_MODEL;./experiments_outputs/2020-07-28T04:59:52/jl_jX8oOY
../instances/P2_200_100_50_3;none;-1;-1;-1;2394;519731;10925;19166.0;NaN;NaN;NOT_REACHED;NOT_REACHED;false;0.030859145;2.196326018;NaN;NaN;NaN;NaN;54.71;10796.086124532;27453.0;27453.0;27579.0;NaN;10800.217705011368;10800.754412525;true;true;BUILT_MODEL;./experiments_outputs/2020-07-28T04:59:52/jl_k9ED1Z
../instances/P1_100_200_25_3;none;-1;-1;-1;1688;583666;13143;21805.0;NaN;NaN;NOT_REACHED;NOT_REACHED;false;0.029108712;0.99263445;NaN;NaN;NaN;NaN;102.11;10796.932011997;25730.0;25730.0;25909.0;NaN;10800.084036827087;10800.568381661;true;true;BUILT_MODEL;./experiments_outputs/2020-07-28T04:59:52/jl_kMtfyY
../instances/P1_100_200_50_3;furini;3148;481514;14747;-1;-1;-1;21491.0;27192.0;27536.0;MathOptInterface.OPTIMAL;MathOptInterface.TIME_LIMIT;false;0.046865805;1.694688609;NaN;NaN;NaN;NaN;NaN;NaN;NaN;NaN;NaN;NaN;NaN;10800.821188861;true;true;NOT_REACHED;./experiments_outputs/2020-07-28T04:59:52/jl_lMDXKY
../instances/P3_150_150_50_3;furini;3388;520501;16605;3350;247277;13747;27266.0;32037.0;32037.0;MathOptInterface.OPTIMAL;MathOptInterface.OPTIMAL;true;0.050277619;1.856711309;1137.9752571582794;679.4312767982483;2.9514942169189453;1820.359146975;36.85;65.64550971;32121.0;32121.0;32121.0;1886.968329591;1886.8020820617676;1887.115502381;false;false;BUILT_MODEL;./experiments_outputs/2020-07-28T04:59:52/jl_ljLJcW
../instances/P4_250_250_25_3;none;-1;-1;-1;1531;5243154;52379;59102.0;NaN;NaN;NOT_REACHED;NOT_REACHED;false;0.22865927;1.638857777;NaN;NaN;NaN;NaN;7035.73;10781.776319034;59656.0;59656.0;71087.0;NaN;10801.808239221573;10804.886243218;true;true;BUILT_MODEL;./experiments_outputs/2020-07-28T04:59:52/jl_sT2UvY
../instances/P2_200_100_25_3;none;-1;-1;-1;1487;267617;7108;17209.0;NaN;NaN;NOT_REACHED;NOT_REACHED;false;0.018652357;1.175871065;NaN;NaN;NaN;NaN;15.95;10798.076052777;25397.0;25397.0;25647.0;NaN;10800.067072868347;10800.470036632;true;true;BUILT_MODEL;./experiments_outputs/2020-07-28T04:59:52/jl_yTP97X
../instances/P4_150_150_50_3;none;-1;-1;-1;3428;1084199;18922;24801.0;NaN;NaN;NOT_REACHED;NOT_REACHED;false;0.066155063;1.972968386;NaN;NaN;NaN;NaN;226.49;10794.333721139;30913.0;30913.0;31519.0;NaN;10800.24066400528;10801.07905026;true;true;BUILT_MODEL;./experiments_outputs/2020-07-28T04:59:52/jl_yUv3rZ
../instances/P1_100_400_25_3;furini;1688;772683;29942;-1;-1;-1;42454.0;42748.0;9.780333e6;MathOptInterface.OPTIMAL;MathOptInterface.TIME_LIMIT;false;0.135740946;1.017410915;NaN;NaN;NaN;NaN;NaN;NaN;NaN;NaN;NaN;NaN;NaN;10800.317343553;true;true;NOT_REACHED;./experiments_outputs/2020-07-28T04:59:52/jl_yWbNjY
../instances/P4_250_250_25_1;none;-1;-1;-1;1458;4251070;47194;61390.0;NaN;NaN;NOT_REACHED;NOT_REACHED;false;0.201857442;1.912572424;NaN;NaN;NaN;NaN;5570.52;10785.125767342;61950.0;61950.0;75587.0;NaN;10801.343502044678;10804.118080049;true;true;BUILT_MODEL;./experiments_outputs/2020-07-28T05:02:27/jl_1iD6RH
../instances/P2_400_100_50_1;none;-1;-1;-1;3251;2467273;25560;37994.0;NaN;NaN;NOT_REACHED;NOT_REACHED;false;0.097333859;3.162489925;NaN;NaN;NaN;NaN;578.9;10789.187392283;54679.0;54679.0;54916.0;NaN;10800.313629865646;10801.918589649;true;true;BUILT_MODEL;./experiments_outputs/2020-07-28T05:02:27/jl_2WH1KK
../instances/P2_200_100_25_1;furini;2392;165031;10802;1803;94507;4749;19143.0;21494.0;21494.0;MathOptInterface.OPTIMAL;MathOptInterface.OPTIMAL;true;0.024481744;0.911328077;170.74785017967224;128.47217679023743;1.4355320930480957;300.656112407;1.93;17.637450027;21494.0;21494.0;21494.0;318.679890543;318.6180160045624;318.81323607;false;false;BUILT_MODEL;./experiments_outputs/2020-07-28T05:02:27/jl_4KkaFI
../instances/P1_100_200_25_1;furini;2554;214127;10854;2509;118291;8766;24750.0;27251.0;27251.0;MathOptInterface.OPTIMAL;MathOptInterface.OPTIMAL;true;0.03074752;0.992995516;214.43604397773743;111.56275486946106;1.3443360328674316;327.343708067;12.44;51.440796849;27251.0;27251.0;27251.0;379.395558104;379.2229471206665;380.003939687;false;false;BUILT_MODEL;./experiments_outputs/2020-07-28T05:02:27/jl_4NeDxG
../instances/P1_100_200_25_1;none;-1;-1;-1;2554;418600;10854;24750.0;NaN;NaN;NOT_REACHED;NOT_REACHED;false;0.020059985;0.996861902;NaN;NaN;NaN;NaN;33.71;163.824703778;27251.0;27251.0;27251.0;166.614832182;166.3795039653778;166.730501488;false;false;BUILT_MODEL;./experiments_outputs/2020-07-28T05:02:27/jl_8FpTdK
../instances/P2_200_100_50_1;furini;4231;370524;12999;-1;-1;-1;20164.0;25679.0;26233.0;MathOptInterface.OPTIMAL;MathOptInterface.TIME_LIMIT;false;0.042741886;1.725924885;NaN;NaN;NaN;NaN;NaN;NaN;NaN;NaN;NaN;NaN;NaN;10800.400375531;true;true;NOT_REACHED;./experiments_outputs/2020-07-28T05:02:27/jl_9Dz2eJ
../instances/P1_100_200_50_1;furini;3436;535190;15283;-1;-1;-1;23771.0;28388.0;28504.0;MathOptInterface.OPTIMAL;MathOptInterface.TIME_LIMIT;false;0.055787655;1.876546588;NaN;NaN;NaN;NaN;NaN;NaN;NaN;NaN;NaN;NaN;NaN;10801.491662266;true;true;NOT_REACHED;./experiments_outputs/2020-07-28T05:02:27/jl_BjcAqH
../instances/P3_250_250_50_1;none;-1;-1;-1;4683;5345836;52488;57337.0;NaN;NaN;NOT_REACHED;NOT_REACHED;false;0.257106776;2.030400637;NaN;NaN;NaN;NaN;6440.14;10781.389815331;59072.0;59072.0;76117.0;NaN;10801.829539060593;10805.157311723;true;true;BUILT_MODEL;./experiments_outputs/2020-07-28T05:02:27/jl_D23UhG
../instances/P3_150_150_25_1;furini;1672;272551;14720;1670;182410;11131;25091.0;29896.0;29896.0;MathOptInterface.OPTIMAL;MathOptInterface.OPTIMAL;true;0.034596831;0.988087147;470.7237401008606;868.1575629711151;2.1321640014648438;1341.014332291;18.93;53.360473389;29989.0;29989.0;29989.0;1395.100818496;1394.9845011234283;1395.254597005;false;false;BUILT_MODEL;./experiments_outputs/2020-07-28T05:02:27/jl_EF6bLK
../instances/P4_250_250_50_1;none;-1;-1;-1;2391;5716803;54308;64657.0;NaN;NaN;NOT_REACHED;NOT_REACHED;false;0.26155331;2.307437338;NaN;NaN;NaN;NaN;NaN;10781.10902959;65326.0;65326.0;9.823089e6;NaN;10803.213766098022;10806.871973975;true;true;BUILT_MODEL;./experiments_outputs/2020-07-28T05:02:27/jl_Kt9t6G
../instances/P2_400_100_25_1;none;-1;-1;-1;1231;1991809;22223;34731.0;NaN;NaN;NOT_REACHED;NOT_REACHED;false;0.067033934;2.834383782;NaN;NaN;NaN;NaN;541.19;10791.17153461;49947.0;49947.0;50365.95081555938;NaN;10800.375238895416;10801.748823638;true;true;BUILT_MODEL;./experiments_outputs/2020-07-28T05:02:27/jl_NN7GOI
../instances/P4_150_150_25_1;furini;1445;270983;13467;-1;-1;-1;23873.0;30870.0;31094.985380150647;MathOptInterface.OPTIMAL;MathOptInterface.TIME_LIMIT;false;0.029889093;1.088170278;NaN;NaN;NaN;NaN;NaN;NaN;NaN;NaN;NaN;NaN;NaN;10800.336809846;true;true;NOT_REACHED;./experiments_outputs/2020-07-28T05:02:27/jl_PIrmDG
../instances/P4_150_150_50_1;furini;2391;607506;17508;2327;215046;15659;25684.0;31673.0;31673.0;MathOptInterface.OPTIMAL;MathOptInterface.OPTIMAL;true;0.051826399;1.758717175;2471.655891895294;1963.6007001399994;3.0524098873138428;4438.310132021;72.97;111.552433971;31673.0;31673.0;31673.0;4550.752428659;4550.600561141968;4550.929102626;false;false;BUILT_MODEL;./experiments_outputs/2020-07-28T05:02:27/jl_PWr8SI
../instances/P2_400_100_25_1;furini;1229;360042;22220;-1;-1;-1;34731.0;49327.0;50218.0;MathOptInterface.OPTIMAL;MathOptInterface.TIME_LIMIT;false;0.075851551;2.717719566;NaN;NaN;NaN;NaN;NaN;NaN;NaN;NaN;NaN;NaN;NaN;10800.409442337;true;true;NOT_REACHED;./experiments_outputs/2020-07-28T05:02:27/jl_RPvgOI
../instances/P4_150_150_25_1;none;-1;-1;-1;1445;542740;13467;23873.0;NaN;NaN;NOT_REACHED;NOT_REACHED;false;0.030438404;1.094036325;NaN;NaN;NaN;NaN;65.25;5430.007645013;30923.0;30923.0;30923.0;5433.24168832;5432.877722978592;5433.458888481;false;false;BUILT_MODEL;./experiments_outputs/2020-07-28T05:02:27/jl_T0HilH
../instances/P4_150_150_50_1;none;-1;-1;-1;2391;951874;17508;25684.0;NaN;NaN;NOT_REACHED;NOT_REACHED;false;0.051422777;1.80142668;NaN;NaN;NaN;NaN;173.93;346.431180228;31673.0;31673.0;31673.0;352.20914524;351.67477011680603;352.354494015;false;false;BUILT_MODEL;./experiments_outputs/2020-07-28T05:02:27/jl_XgSyEK
../instances/P3_250_250_50_1;furini;-1;-1;-1;-1;-1;-1;57337.0;NaN;NaN;MathOptInterface.TIME_LIMIT;NOT_REACHED;false;0.361915856;1.971289766;NaN;NaN;NaN;NaN;NaN;NaN;NaN;NaN;NaN;NaN;NaN;10800.601407093;true;true;NOT_REACHED;./experiments_outputs/2020-07-28T05:02:27/jl_ZLkPvK
../instances/P4_250_250_50_1;furini;-1;-1;-1;-1;-1;-1;64657.0;NaN;NaN;MathOptInterface.TIME_LIMIT;NOT_REACHED;false;0.237780151;2.198829014;NaN;NaN;NaN;NaN;NaN;NaN;NaN;NaN;NaN;NaN;NaN;10800.683329175;true;true;NOT_REACHED;./experiments_outputs/2020-07-28T05:02:27/jl_b29AOH
../instances/P2_400_100_50_1;furini;3251;708529;25560;3241;1305890;17222;37994.0;54550.0;54550.0;MathOptInterface.OPTIMAL;MathOptInterface.OPTIMAL;true;0.111852075;3.187223706;9038.32085609436;1368.6697800159454;8.57189679145813;10415.565450012;55.59;380.520631081;54550.0;54550.0;54981.0;NaN;10800.154974937439;10801.201830642;true;true;BUILT_MODEL;./experiments_outputs/2020-07-28T05:02:27/jl_b78pCI
../instances/P1_100_400_50_1;none;-1;-1;-1;3436;3337942;32883;43991.0;NaN;NaN;NOT_REACHED;NOT_REACHED;false;0.150750463;1.860437633;NaN;NaN;NaN;NaN;1250.88;10787.344620627;53831.0;53831.0;56897.0;NaN;10800.55028295517;10802.716999598;true;true;BUILT_MODEL;./experiments_outputs/2020-07-28T05:02:27/jl_cOhajK
../instances/P1_100_200_50_1;none;-1;-1;-1;3436;815837;15283;23771.0;NaN;NaN;NOT_REACHED;NOT_REACHED;false;0.055103036;1.856096831;NaN;NaN;NaN;NaN;100.09;3543.701970909;28440.0;28440.0;28440.0;3548.808685318;3548.375683069229;3548.967340077;false;false;BUILT_MODEL;./experiments_outputs/2020-07-28T05:02:27/jl_d2RGcK
../instances/P3_250_250_25_1;none;-1;-1;-1;3310;4516827;48704;50196.0;NaN;NaN;NOT_REACHED;NOT_REACHED;false;0.200782925;1.736769868;NaN;NaN;NaN;NaN;7126.16;10785.018684128;51027.0;51027.0;60548.0;NaN;10801.53388786316;10804.447511689;true;true;BUILT_MODEL;./experiments_outputs/2020-07-28T05:02:27/jl_eaaSrH
../instances/P1_100_400_25_1;none;-1;-1;-1;2554;2086981;24854;43762.0;NaN;NaN;NOT_REACHED;NOT_REACHED;false;0.078109043;1.029014463;NaN;NaN;NaN;NaN;576.45;10792.049978465;53008.0;53008.0;54707.0;NaN;10800.39521598816;10801.82487753;true;true;BUILT_MODEL;./experiments_outputs/2020-07-28T05:02:27/jl_h2uctJ
../instances/P1_100_400_50_1;furini;-1;-1;-1;-1;-1;-1;43991.0;NaN;NaN;MathOptInterface.TIME_LIMIT;NOT_REACHED;false;0.163872781;1.85272977;NaN;NaN;NaN;NaN;NaN;NaN;NaN;NaN;NaN;NaN;NaN;10800.420602384;true;true;NOT_REACHED;./experiments_outputs/2020-07-28T05:02:27/jl_hPU4EG
../instances/P3_150_150_25_1;none;-1;-1;-1;1672;672226;14720;25091.0;NaN;NaN;NOT_REACHED;NOT_REACHED;false;0.034568518;0.991427751;NaN;NaN;NaN;NaN;91.02;3638.963719829;29989.0;29989.0;29989.0;3642.719342736;3642.360051870346;3642.869614385;false;false;BUILT_MODEL;./experiments_outputs/2020-07-28T05:02:27/jl_q1qYoI
../instances/P3_250_250_25_1;furini;-1;-1;-1;-1;-1;-1;50196.0;NaN;NaN;MathOptInterface.TIME_LIMIT;NOT_REACHED;false;0.188665811;1.739397483;NaN;NaN;NaN;NaN;NaN;NaN;NaN;NaN;NaN;NaN;NaN;10800.391765356;true;true;NOT_REACHED;./experiments_outputs/2020-07-28T05:02:27/jl_qBWqFK
../instances/P3_150_150_50_1;none;-1;-1;-1;3817;816319;16161;26064.0;NaN;NaN;NOT_REACHED;NOT_REACHED;false;0.046192713;1.859951528;NaN;NaN;NaN;NaN;130.1;250.647533948;31701.00005732552;31701.0;31701.00005732552;255.685845936;255.25431108474731;255.842407008;false;false;BUILT_MODEL;./experiments_outputs/2020-07-28T05:02:27/jl_qbzZMI
../instances/P4_250_250_25_1;furini;-1;-1;-1;-1;-1;-1;61390.0;NaN;NaN;MathOptInterface.TIME_LIMIT;NOT_REACHED;false;0.17409801;1.868184994;NaN;NaN;NaN;NaN;NaN;NaN;NaN;NaN;NaN;NaN;NaN;10800.374507702;true;true;NOT_REACHED;./experiments_outputs/2020-07-28T05:02:27/jl_qlmRbI
../instances/P2_200_100_50_1;none;-1;-1;-1;4231;657905;12999;20164.0;NaN;NaN;NOT_REACHED;NOT_REACHED;false;0.042998733;1.746458647;NaN;NaN;NaN;NaN;59.6;10796.137660768;25626.0;25626.0;26282.0;NaN;10800.161405086517;10800.746599067;true;true;BUILT_MODEL;./experiments_outputs/2020-07-28T05:02:27/jl_rqmufH
../instances/P2_200_100_25_1;none;-1;-1;-1;2392;425932;10802;19143.0;NaN;NaN;NOT_REACHED;NOT_REACHED;false;0.026974112;0.948179658;NaN;NaN;NaN;NaN;30.25;74.049383587;21494.0;21494.0;21494.0;76.899879579;76.58127999305725;77.012163866;false;false;BUILT_MODEL;./experiments_outputs/2020-07-28T05:02:27/jl_viIqOG
../instances/P3_150_150_50_1;furini;3817;496517;16161;3817;634074;15758;26064.0;31377.0;31377.0;MathOptInterface.OPTIMAL;MathOptInterface.OPTIMAL;true;0.046967808;1.903507063;2031.5220730304718;731.2207360267639;2.7863049507141113;2765.530141752;91.77;181.442197792;31701.0;31701.0;31701.0;2948.994632018;2948.5950939655304;2949.152571053;false;false;BUILT_MODEL;./experiments_outputs/2020-07-28T05:02:27/jl_wKS4SJ
../instances/P1_100_400_25_1;furini;2554;572331;24854;-1;-1;-1;43762.0;53247.0;54540.0;MathOptInterface.OPTIMAL;MathOptInterface.TIME_LIMIT;false;0.092837031;1.012186677;NaN;NaN;NaN;NaN;NaN;NaN;NaN;NaN;NaN;NaN;NaN;10800.305693043;true;true;NOT_REACHED;./experiments_outputs/2020-07-28T05:02:27/jl_xeFzQH
../instances/P1_100_200_50_5;furini;4177;552336;15244;-1;-1;-1;23837.0;27722.0;27930.0;MathOptInterface.OPTIMAL;MathOptInterface.TIME_LIMIT;false;0.054097648;2.045608234;NaN;NaN;NaN;NaN;NaN;NaN;NaN;NaN;NaN;NaN;NaN;10800.241124177;true;true;NOT_REACHED;./experiments_outputs/2020-07-28T05:00:34/jl_19bgSW
../instances/P3_150_150_25_5;none;-1;-1;-1;1169;846688;16425;26047.0;NaN;NaN;NOT_REACHED;NOT_REACHED;false;0.039997085;0.98402015;NaN;NaN;NaN;NaN;176.11;10796.268624118;31332.0;31332.0;31682.0;NaN;10800.132225036621;10800.783217427;true;true;BUILT_MODEL;./experiments_outputs/2020-07-28T05:00:34/jl_3BW7EX
../instances/P1_100_400_50_5;none;-1;-1;-1;4177;3318297;32844;46048.0;NaN;NaN;NOT_REACHED;NOT_REACHED;false;0.153198211;2.032277507;NaN;NaN;NaN;NaN;1173.1;10787.053712464;53749.0;53749.0;55005.0;NaN;10800.551207065582;10802.59862137;true;true;BUILT_MODEL;./experiments_outputs/2020-07-28T05:00:34/jl_3PtZOU
../instances/P2_400_100_50_5;none;-1;-1;-1;2289;2981674;28745;33713.0;NaN;NaN;NOT_REACHED;NOT_REACHED;false;0.108238867;3.250666393;NaN;NaN;NaN;NaN;1579.39;10787.416415547;53541.0;53541.0;54918.0;NaN;10800.38585114479;10802.293986348;true;true;BUILT_MODEL;./experiments_outputs/2020-07-28T05:00:34/jl_3peZdW
../instances/P3_150_150_50_5;furini;2399;602484;17244;-1;-1;-1;25334.0;31631.0;31857.0;MathOptInterface.OPTIMAL;MathOptInterface.TIME_LIMIT;false;0.048564755;1.941222788;NaN;NaN;NaN;NaN;NaN;NaN;NaN;NaN;NaN;NaN;NaN;10800.292478834;true;true;NOT_REACHED;./experiments_outputs/2020-07-28T05:00:34/jl_5bwN1X
../instances/P4_250_250_50_5;furini;-1;-1;-1;-1;-1;-1;58812.0;NaN;NaN;MathOptInterface.TIME_LIMIT;NOT_REACHED;false;0.221653213;2.328981594;NaN;NaN;NaN;NaN;NaN;NaN;NaN;NaN;NaN;NaN;NaN;10800.615478831;true;true;NOT_REACHED;./experiments_outputs/2020-07-28T05:00:34/jl_APre1Y
../instances/P2_400_100_25_5;furini;1079;505331;27022;-1;-1;-1;35925.0;49620.0;50440.0;MathOptInterface.OPTIMAL;MathOptInterface.TIME_LIMIT;false;0.097217548;2.371977462;NaN;NaN;NaN;NaN;NaN;NaN;NaN;NaN;NaN;NaN;NaN;10800.395171299;true;true;NOT_REACHED;./experiments_outputs/2020-07-28T05:00:34/jl_CAqyRX
../instances/P1_100_400_50_5;furini;-1;-1;-1;-1;-1;-1;46048.0;NaN;NaN;MathOptInterface.TIME_LIMIT;NOT_REACHED;false;0.166009662;2.059169154;NaN;NaN;NaN;NaN;NaN;NaN;NaN;NaN;NaN;NaN;NaN;10800.384599764;true;true;NOT_REACHED;./experiments_outputs/2020-07-28T05:00:34/jl_CbN47Y
../instances/P4_150_150_50_5;none;-1;-1;-1;2238;1032027;18104;23535.0;NaN;NaN;NOT_REACHED;NOT_REACHED;false;0.052878427;1.77786687;NaN;NaN;NaN;NaN;230.09;10794.743635154;31845.0;31845.0;32308.0;NaN;10800.185368061066;10801.033219649;true;true;BUILT_MODEL;./experiments_outputs/2020-07-28T05:00:34/jl_DisFKU
../instances/P1_100_400_25_5;furini;2339;827640;30247;-1;-1;-1;44154.0;44482.0;1.4821769e7;MathOptInterface.OPTIMAL;MathOptInterface.TIME_LIMIT;false;0.109204267;1.303654489;NaN;NaN;NaN;NaN;NaN;NaN;NaN;NaN;NaN;NaN;NaN;10800.305783262;true;true;NOT_REACHED;./experiments_outputs/2020-07-28T05:00:34/jl_EwQ4vW
../instances/P2_400_100_25_5;none;-1;-1;-1;1079;2672987;27022;35925.0;NaN;NaN;NOT_REACHED;NOT_REACHED;false;0.096416475;2.386559447;NaN;NaN;NaN;NaN;965.76;10791.764021959;48832.0;48832.0;50580.0;NaN;10802.849697828293;10804.635205684;true;true;BUILT_MODEL;./experiments_outputs/2020-07-28T05:00:34/jl_Fa140X
../instances/P1_100_200_25_5;furini;1504;296622;12877;-1;-1;-1;20726.0;26152.0;26565.0;MathOptInterface.OPTIMAL;MathOptInterface.TIME_LIMIT;false;0.037348568;0.852674912;NaN;NaN;NaN;NaN;NaN;NaN;NaN;NaN;NaN;NaN;NaN;10802.042321885;true;true;NOT_REACHED;./experiments_outputs/2020-07-28T05:00:34/jl_HlaKCW
../instances/P3_250_250_50_5;furini;-1;-1;-1;-1;-1;-1;66441.0;NaN;NaN;MathOptInterface.TIME_LIMIT;NOT_REACHED;false;0.238865504;2.550345681;NaN;NaN;NaN;NaN;NaN;NaN;NaN;NaN;NaN;NaN;NaN;10800.537514915;true;true;NOT_REACHED;./experiments_outputs/2020-07-28T05:00:34/jl_HonvtW
../instances/P2_400_100_50_5;furini;2289;932741;28745;-1;-1;-1;33713.0;53763.0;54893.0;MathOptInterface.OPTIMAL;MathOptInterface.TIME_LIMIT;false;0.105135182;3.080934429;NaN;NaN;NaN;NaN;NaN;NaN;NaN;NaN;NaN;NaN;NaN;10800.443984283;true;true;NOT_REACHED;./experiments_outputs/2020-07-28T05:00:34/jl_LRH7TU
../instances/P4_250_250_50_5;none;-1;-1;-1;2238;5930770;55104;58812.0;NaN;NaN;NOT_REACHED;NOT_REACHED;false;0.255584655;2.461432772;NaN;NaN;NaN;NaN;NaN;10779.528002259;59904.0;59904.0;8.453146e6;NaN;10802.832221984863;10806.664151423;true;true;BUILT_MODEL;./experiments_outputs/2020-07-28T05:00:34/jl_LnRB2V
../instances/P1_100_400_25_5;none;-1;-1;-1;2339;2576559;30247;44154.0;NaN;NaN;NOT_REACHED;NOT_REACHED;false;0.109496231;1.332173616;NaN;NaN;NaN;NaN;1098.92;10789.804797182;53220.0;53220.0;54120.0;NaN;10800.418581962585;10802.10688378;true;true;BUILT_MODEL;./experiments_outputs/2020-07-28T05:00:34/jl_P5YMjY
../instances/P3_150_150_50_5;none;-1;-1;-1;2399;949909;17244;25334.0;NaN;NaN;NOT_REACHED;NOT_REACHED;false;0.048391525;1.843381204;NaN;NaN;NaN;NaN;330.74;10796.679974763;31521.0;31521.0;31896.0;NaN;10801.708168029785;10802.443550637;true;true;BUILT_MODEL;./experiments_outputs/2020-07-28T05:00:34/jl_QcTTyV
../instances/P2_200_100_50_5;none;-1;-1;-1;2956;767479;13987;20792.0;NaN;NaN;NOT_REACHED;NOT_REACHED;false;0.041753204;2.533990325;NaN;NaN;NaN;NaN;119.31;299.225693808;29386.0;29386.0;29386.0;304.82598126;304.4060778617859;304.957567159;false;false;BUILT_MODEL;./experiments_outputs/2020-07-28T05:00:34/jl_SSMB9X
../instances/P4_150_150_50_5;furini;2238;627984;18104;-1;-1;-1;23535.0;32027.0;32331.0;MathOptInterface.OPTIMAL;MathOptInterface.TIME_LIMIT;false;0.051299302;1.705999967;NaN;NaN;NaN;NaN;NaN;NaN;NaN;NaN;NaN;NaN;NaN;10800.257439863;true;true;NOT_REACHED;./experiments_outputs/2020-07-28T05:00:34/jl_TqIEXY
../instances/P4_250_250_25_5;none;-1;-1;-1;1008;5166253;51783;61742.0;NaN;NaN;NOT_REACHED;NOT_REACHED;false;0.224263173;2.385208502;NaN;NaN;NaN;NaN;NaN;10784.128132418;63007.0;63007.0;4.052059e6;NaN;10803.547059059143;10806.93699229;true;true;BUILT_MODEL;./experiments_outputs/2020-07-28T05:00:34/jl_UbVgEV
../instances/P4_150_150_25_5;none;-1;-1;-1;1008;804388;16188;25113.0;NaN;NaN;NOT_REACHED;NOT_REACHED;false;0.043771354;0.841565223;NaN;NaN;NaN;NaN;161.4;10796.650484034;30102.0;30102.0;31228.0;NaN;10800.261685848236;10800.929928231;true;true;BUILT_MODEL;./experiments_outputs/2020-07-28T05:00:34/jl_agnYOY
../instances/P4_250_250_25_5;furini;-1;-1;-1;-1;-1;-1;61742.0;NaN;NaN;MathOptInterface.TIME_LIMIT;NOT_REACHED;false;0.208380437;2.370643682;NaN;NaN;NaN;NaN;NaN;NaN;NaN;NaN;NaN;NaN;NaN;10800.458741028;true;true;NOT_REACHED;./experiments_outputs/2020-07-28T05:00:34/jl_esSnlY
../instances/P2_200_100_50_5;furini;2956;373196;13987;2926;369204;12690;20792.0;29386.0;29386.0;MathOptInterface.OPTIMAL;MathOptInterface.OPTIMAL;true;0.04189157;2.528664953;1304.2600219249725;510.72768998146057;2.5877459049224854;1817.576448146;36.86;60.169916678;29386.0;29386.0;29386.0;1879.142388262;1878.8687269687653;1879.26822187;false;false;BUILT_MODEL;./experiments_outputs/2020-07-28T05:00:34/jl_jkPJuX
../instances/P2_200_100_25_5;none;-1;-1;-1;2220;450931;10525;21306.0;NaN;NaN;NOT_REACHED;NOT_REACHED;false;0.027146598;1.06935359;NaN;NaN;NaN;NaN;25.03;4478.965028391;26413.0;26413.0;26413.0;4481.891128742;4481.541944026947;4482.05721949;false;false;BUILT_MODEL;./experiments_outputs/2020-07-28T05:00:34/jl_nRcrIU
../instances/P3_150_150_25_5;furini;1169;327794;16425;1169;632966;15723;26047.0;31332.0;31332.0;MathOptInterface.OPTIMAL;MathOptInterface.OPTIMAL;true;0.039508071;0.968768693;8611.475532054901;970.4836540222168;3.3569259643554688;9585.317225664;117.97;1213.086265936;31332.0;31332.0;31715.0;NaN;10800.056850910187;10800.664608762;true;true;BUILT_MODEL;./experiments_outputs/2020-07-28T05:00:34/jl_pphdrY
../instances/P2_200_100_25_5;furini;2220;169458;10525;2217;410218;10522;21306.0;26211.0;26211.0;MathOptInterface.OPTIMAL;MathOptInterface.OPTIMAL;true;0.025008009;1.078427262;9475.52979183197;166.72237014770508;1.634469985961914;9643.887284704;23.54;1155.172074961;26413.0;26413.0;26728.0;NaN;10800.0343811512;10800.492347938;true;true;BUILT_MODEL;./experiments_outputs/2020-07-28T05:00:34/jl_pvpJrV
../instances/P1_100_200_50_5;none;-1;-1;-1;4177;801281;15244;23837.0;NaN;NaN;NOT_REACHED;NOT_REACHED;false;0.049221287;1.976150482;NaN;NaN;NaN;NaN;99.23;5642.642904224;27722.0;27722.0;27722.0;5647.869578911;5647.380825996399;5648.032194607;false;false;BUILT_MODEL;./experiments_outputs/2020-07-28T05:00:34/jl_tXOgUW
../instances/P4_150_150_25_5;furini;1008;342692;16188;-1;-1;-1;25113.0;30582.0;30952.0;MathOptInterface.OPTIMAL;MathOptInterface.TIME_LIMIT;false;0.039546419;0.872694053;NaN;NaN;NaN;NaN;NaN;NaN;NaN;NaN;NaN;NaN;NaN;10800.254430007;true;true;NOT_REACHED;./experiments_outputs/2020-07-28T05:00:34/jl_ujjyEU
../instances/P3_250_250_25_5;furini;-1;-1;-1;-1;-1;-1;63610.0;NaN;NaN;MathOptInterface.TIME_LIMIT;NOT_REACHED;false;0.21522578;2.124546079;NaN;NaN;NaN;NaN;NaN;NaN;NaN;NaN;NaN;NaN;NaN;10800.608622831;true;true;NOT_REACHED;./experiments_outputs/2020-07-28T05:00:34/jl_um3vKU
../instances/P1_100_200_25_5;none;-1;-1;-1;1504;583306;12877;20726.0;NaN;NaN;NOT_REACHED;NOT_REACHED;false;0.028903996;0.837801213;NaN;NaN;NaN;NaN;77.05;10797.2473796;26152.0;26152.0;26617.0;NaN;10800.083457946777;10800.618222278;true;true;BUILT_MODEL;./experiments_outputs/2020-07-28T05:00:34/jl_xhaKEU
../instances/P3_250_250_25_5;none;-1;-1;-1;2949;4592720;49104;63610.0;NaN;NaN;NOT_REACHED;NOT_REACHED;false;0.200386259;2.087144739;NaN;NaN;NaN;NaN;6474.52;10784.581310353;64568.0;64568.0;78643.0;NaN;10801.556607961655;10804.345067074;true;true;BUILT_MODEL;./experiments_outputs/2020-07-28T05:00:34/jl_yQZf5V
../instances/P3_250_250_50_5;none;-1;-1;-1;3058;5708436;53987;66441.0;NaN;NaN;NOT_REACHED;NOT_REACHED;false;0.229991153;2.510484365;NaN;NaN;NaN;NaN;10327.45;10780.639331874;69453.0;69453.0;86370.0;NaN;10801.890814065933;10805.459160149;true;true;BUILT_MODEL;./experiments_outputs/2020-07-28T05:00:34/jl_zhLfUW
../instances/P1_100_200_25_2;furini;1737;276159;13473;1737;499476;13387;19827.0;25090.0;25090.0;MathOptInterface.OPTIMAL;MathOptInterface.OPTIMAL;true;0.042811518;0.988442148;4672.647018909454;676.9033169746399;1.9812312126159668;5351.532290197;88.73;5447.183423403;25090.0;25090.0;25403.0;NaN;10799.974672079086;10801.811274311;true;true;BUILT_MODEL;./experiments_outputs/2020-07-28T05:58:36/jl_0IkAey
../instances/P3_250_250_50_2;furini;-1;-1;-1;-1;-1;-1;61773.0;NaN;NaN;MathOptInterface.TIME_LIMIT;NOT_REACHED;false;0.252683274;2.369819417;NaN;NaN;NaN;NaN;NaN;NaN;NaN;NaN;NaN;NaN;NaN;10800.602088404;true;true;NOT_REACHED;./experiments_outputs/2020-07-28T05:58:36/jl_1tjsYz
../instances/P2_200_100_50_2;none;-1;-1;-1;4007;791635;14643;21294.0;NaN;NaN;NOT_REACHED;NOT_REACHED;false;0.046409855;1.80790025;NaN;NaN;NaN;NaN;108.16;441.962032049;27801.0;27801.0;27801.0;446.85502905;446.44625997543335;447.001091568;false;false;BUILT_MODEL;./experiments_outputs/2020-07-28T05:58:36/jl_34FMYw
../instances/P3_150_150_50_2;furini;3902;570862;17007;-1;-1;-1;26329.0;30846.0;31110.0;MathOptInterface.OPTIMAL;MathOptInterface.TIME_LIMIT;false;0.052417779;2.331250718;NaN;NaN;NaN;NaN;NaN;NaN;NaN;NaN;NaN;NaN;NaN;10800.296285657;true;true;NOT_REACHED;./experiments_outputs/2020-07-28T05:58:36/jl_36lDmz
../instances/P3_250_250_25_2;none;-1;-1;-1;2056;5202039;52054;61721.0;NaN;NaN;NOT_REACHED;NOT_REACHED;false;0.224162726;2.884102857;NaN;NaN;NaN;NaN;8115.31;10781.745699718;63646.0;63646.0;73316.0;NaN;10801.795559883118;10804.95297165;true;true;BUILT_MODEL;./experiments_outputs/2020-07-28T05:58:36/jl_4XWDMA
../instances/P1_100_200_50_2;none;-1;-1;-1;4121;709273;14641;20614.0;NaN;NaN;NOT_REACHED;NOT_REACHED;false;0.046752898;1.815587856;NaN;NaN;NaN;NaN;90.6;455.450478933;26276.0;26276.0;26276.0;460.096081773;459.70913004875183;460.220388999;false;false;BUILT_MODEL;./experiments_outputs/2020-07-28T05:58:36/jl_6iGkfy
../instances/P2_400_100_50_2;none;-1;-1;-1;3654;2863783;28507;37981.0;NaN;NaN;NOT_REACHED;NOT_REACHED;false;0.120317787;3.327276688;NaN;NaN;NaN;NaN;1601.61;10787.80972574;54768.0;54768.0;55181.0;NaN;10800.40122294426;10802.245059164;true;true;BUILT_MODEL;./experiments_outputs/2020-07-28T05:58:36/jl_9IYCCz
../instances/P4_250_250_50_2;furini;-1;-1;-1;-1;-1;-1;65371.0;NaN;NaN;MathOptInterface.TIME_LIMIT;NOT_REACHED;false;0.254723544;2.812390451;NaN;NaN;NaN;NaN;NaN;NaN;NaN;NaN;NaN;NaN;NaN;10800.647722026;true;true;NOT_REACHED;./experiments_outputs/2020-07-28T05:58:36/jl_CF84XA
../instances/P1_100_400_50_2;furini;-1;-1;-1;-1;-1;-1;40286.0;NaN;NaN;MathOptInterface.TIME_LIMIT;NOT_REACHED;false;0.146435712;1.952388981;NaN;NaN;NaN;NaN;NaN;NaN;NaN;NaN;NaN;NaN;NaN;10800.367751427;true;true;NOT_REACHED;./experiments_outputs/2020-07-28T05:58:36/jl_EIqLHz
../instances/P2_200_100_25_2;furini;1904;215919;13252;1904;358518;10979;20277.0;25244.0;25244.0;MathOptInterface.OPTIMAL;MathOptInterface.OPTIMAL;true;0.037810611;1.281859014;970.4551508426666;441.59000611305237;2.089827060699463;1414.135813007;28.68;419.095133558;25413.0;25413.0;25413.0;1834.482291159;1834.248990058899;1834.62922171;false;false;BUILT_MODEL;./experiments_outputs/2020-07-28T05:58:36/jl_EcWNAz
../instances/P4_150_150_50_2;furini;2770;682395;19235;-1;-1;-1;25810.0;32302.0;32434.0;MathOptInterface.OPTIMAL;MathOptInterface.TIME_LIMIT;false;0.059984134;2.008749519;NaN;NaN;NaN;NaN;NaN;NaN;NaN;NaN;NaN;NaN;NaN;10800.285842748;true;true;NOT_REACHED;./experiments_outputs/2020-07-28T05:58:36/jl_EyUnaz
../instances/P4_250_250_25_2;furini;-1;-1;-1;-1;-1;-1;59113.0;NaN;NaN;MathOptInterface.TIME_LIMIT;NOT_REACHED;false;0.247878813;4.189833186;NaN;NaN;NaN;NaN;NaN;NaN;NaN;NaN;NaN;NaN;NaN;10800.55426028;true;true;NOT_REACHED;./experiments_outputs/2020-07-28T05:58:36/jl_HC9H6w
../instances/P4_150_150_50_2;none;-1;-1;-1;2770;1147199;19235;25810.0;NaN;NaN;NOT_REACHED;NOT_REACHED;false;0.060905315;1.99596053;NaN;NaN;NaN;NaN;226.38;10304.596825112;32317.0;32317.0;32317.0;10311.268111639;10310.603814125061;10311.465051856;false;false;BUILT_MODEL;./experiments_outputs/2020-07-28T05:58:36/jl_OYddeA
../instances/P2_200_100_25_2;none;-1;-1;-1;1904;610258;13252;20277.0;NaN;NaN;NOT_REACHED;NOT_REACHED;false;0.033281133;1.213326613;NaN;NaN;NaN;NaN;72.18;653.891863722;25413.0;25413.0;25413.0;657.655950797;657.3221139907837;657.785399733;false;false;BUILT_MODEL;./experiments_outputs/2020-07-28T05:58:36/jl_QPewLA
../instances/P4_150_150_25_2;none;-1;-1;-1;1466;975323;17995;23564.0;NaN;NaN;NOT_REACHED;NOT_REACHED;false;0.049824414;1.304664818;NaN;NaN;NaN;NaN;219.2;5200.066706594;30687.0;30687.0;30687.0;5205.385439705;5204.868936777115;5205.56813232;false;false;BUILT_MODEL;./experiments_outputs/2020-07-28T05:58:36/jl_QrhV0w
../instances/P3_250_250_50_2;none;-1;-1;-1;4178;5702484;54044;61773.0;NaN;NaN;NOT_REACHED;NOT_REACHED;false;0.221250933;2.310286938;NaN;NaN;NaN;NaN;10421.31;10780.206334546;62772.0;62772.0;82644.0;NaN;10801.95738196373;10805.553787838;true;true;BUILT_MODEL;./experiments_outputs/2020-07-28T05:58:36/jl_S39GDx
../instances/P1_100_200_50_2;furini;4121;460893;14641;4069;184754;12824;20614.0;26276.0;26276.0;MathOptInterface.OPTIMAL;MathOptInterface.OPTIMAL;true;0.050640422;1.871109509;1488.6410930156708;850.1505279541016;2.271634817123413;2341.064125704;36.7;68.430787973;26276.0;26276.0;26276.0;2410.213256594;2410.086822986603;2410.387711605;false;false;BUILT_MODEL;./experiments_outputs/2020-07-28T05:58:36/jl_V7vrOz
../instances/P1_100_200_25_2;none;-1;-1;-1;1737;583105;13473;19827.0;NaN;NaN;NOT_REACHED;NOT_REACHED;false;0.037825348;0.955307792;NaN;NaN;NaN;NaN;86.69;10797.108534676;25090.0;25090.0;25389.0;NaN;10800.12612605095;10800.61665317;true;true;BUILT_MODEL;./experiments_outputs/2020-07-28T05:58:36/jl_VkOfGx
../instances/P4_250_250_50_2;none;-1;-1;-1;2770;6349491;57235;65371.0;NaN;NaN;NOT_REACHED;NOT_REACHED;false;0.231108278;2.851106279;NaN;NaN;NaN;NaN;9363.24;10777.685904824;67675.0;67675.0;87314.0;NaN;10802.141423940659;10806.229280797;true;true;BUILT_MODEL;./experiments_outputs/2020-07-28T05:58:36/jl_ZtfzdA
../instances/P1_100_400_25_2;furini;-1;-1;-1;-1;-1;-1;37199.0;NaN;NaN;MathOptInterface.TIME_LIMIT;NOT_REACHED;false;0.132757339;1.057603569;NaN;NaN;NaN;NaN;NaN;NaN;NaN;NaN;NaN;NaN;NaN;10800.713957219;true;true;NOT_REACHED;./experiments_outputs/2020-07-28T05:58:36/jl_bR3LDA
../instances/P1_100_400_50_2;none;-1;-1;-1;4121;3148994;32641;40286.0;NaN;NaN;NOT_REACHED;NOT_REACHED;false;0.151896715;1.844705728;NaN;NaN;NaN;NaN;1252.36;10787.719721489;40440.0;40440.0;51754.0;NaN;10800.531840085983;10802.514864139;true;true;BUILT_MODEL;./experiments_outputs/2020-07-28T05:58:36/jl_cSOHxx
../instances/P2_400_100_25_2;furini;1760;606647;26438;-1;-1;-1;39115.0;48312.0;49268.0;MathOptInterface.OPTIMAL;MathOptInterface.TIME_LIMIT;false;0.091070695;1.967998696;NaN;NaN;NaN;NaN;NaN;NaN;NaN;NaN;NaN;NaN;NaN;10800.334291612;true;true;NOT_REACHED;./experiments_outputs/2020-07-28T05:58:36/jl_d7vYuz
../instances/P2_400_100_25_2;none;-1;-1;-1;1760;2525075;26438;39115.0;NaN;NaN;NOT_REACHED;NOT_REACHED;false;0.092688864;1.882667814;NaN;NaN;NaN;NaN;1080.37;10790.4342245;48542.0;48542.0;49315.0;NaN;10800.453127145767;10802.201002824;true;true;BUILT_MODEL;./experiments_outputs/2020-07-28T05:58:36/jl_eWJzdz
../instances/P3_150_150_25_2;none;-1;-1;-1;1810;736341;15438;23451.0;NaN;NaN;NOT_REACHED;NOT_REACHED;false;0.037384322;1.167054726;NaN;NaN;NaN;NaN;152.6;10796.334617913;29196.0;29196.0;29965.0;NaN;10800.12130689621;10800.755438991;true;true;BUILT_MODEL;./experiments_outputs/2020-07-28T05:58:36/jl_fPL1Cy
../instances/P3_150_150_50_2;none;-1;-1;-1;3902;901011;17007;26329.0;NaN;NaN;NOT_REACHED;NOT_REACHED;false;0.050428334;2.18538693;NaN;NaN;NaN;NaN;168.67;10794.873974411;30884.0;30884.0;31008.0;NaN;10800.136338949203;10800.802352576;true;true;BUILT_MODEL;./experiments_outputs/2020-07-28T05:58:36/jl_fYsx7x
../instances/P1_100_400_25_2;none;-1;-1;-1;1737;2793850;31077;37199.0;NaN;NaN;NOT_REACHED;NOT_REACHED;false;0.12271064;1.019492123;NaN;NaN;NaN;NaN;2119.15;10789.736162537;41275.0;41275.0;47091.0;NaN;10800.436408996582;10802.252912533;true;true;BUILT_MODEL;./experiments_outputs/2020-07-28T05:58:36/jl_ffHVkA
../instances/P3_250_250_25_2;furini;-1;-1;-1;-1;-1;-1;61721.0;NaN;NaN;MathOptInterface.TIME_LIMIT;NOT_REACHED;false;0.247082794;2.984930387;NaN;NaN;NaN;NaN;NaN;NaN;NaN;NaN;NaN;NaN;NaN;10800.387468681;true;true;NOT_REACHED;./experiments_outputs/2020-07-28T05:58:36/jl_jDSWlB
../instances/P4_150_150_25_2;furini;1466;398730;17995;-1;-1;-1;23564.0;30576.0;30786.0;MathOptInterface.OPTIMAL;MathOptInterface.TIME_LIMIT;false;0.04718002;1.378735214;NaN;NaN;NaN;NaN;NaN;NaN;NaN;NaN;NaN;NaN;NaN;10800.233750586;true;true;NOT_REACHED;./experiments_outputs/2020-07-28T05:58:36/jl_joBCqA
../instances/P4_250_250_25_2;none;-1;-1;-1;1466;5828256;55195;59113.0;NaN;NaN;NOT_REACHED;NOT_REACHED;false;0.233474831;4.227750957;NaN;NaN;NaN;NaN;NaN;10780.655688607;60211.0;60211.0;5.906187e6;NaN;10804.667636871338;10808.324087636;true;true;BUILT_MODEL;./experiments_outputs/2020-07-28T05:58:36/jl_kbGtlz
../instances/P3_150_150_25_2;furini;1810;369694;15438;-1;-1;-1;23451.0;29345.0;29906.0;MathOptInterface.OPTIMAL;MathOptInterface.TIME_LIMIT;false;0.039023197;1.242009345;NaN;NaN;NaN;NaN;NaN;NaN;NaN;NaN;NaN;NaN;NaN;10800.363024689;true;true;NOT_REACHED;./experiments_outputs/2020-07-28T05:58:36/jl_oe330x
../instances/P2_200_100_50_2;furini;4007;409890;14643;3484;145568;8005;21294.0;27801.0;27801.0;MathOptInterface.OPTIMAL;MathOptInterface.OPTIMAL;true;0.047953806;2.034848587;976.8969609737396;839.6446690559387;2.614914894104004;1819.157484949;6.5;160.290222261;27801.0;27801.0;27801.0;1980.09328467;1979.9873909950256;1980.283317317;false;false;BUILT_MODEL;./experiments_outputs/2020-07-28T05:58:36/jl_pxTM5x
../instances/P2_400_100_50_2;furini;3654;887261;28507;-1;-1;-1;37981.0;54821.0;55183.0;MathOptInterface.OPTIMAL;MathOptInterface.TIME_LIMIT;false;0.114257125;3.386937646;NaN;NaN;NaN;NaN;NaN;NaN;NaN;NaN;NaN;NaN;NaN;10800.326848268;true;true;NOT_REACHED;./experiments_outputs/2020-07-28T05:58:36/jl_sKyl7y
